Kinase,Score,Rank,Method,Perc,Qrt,group,KinaseFamily,subfamily,hgnc_symbol
SGK1,33.028854476307934,37,PTM-SEA,0.4794520547945205,2,AGC,SGK,SGK,SGK1
CHEK1,98.48553170776788,9,PTM-SEA,0.8904109589041096,4,CAMK,CAMKL,CHK1,CHEK1
AURKA,82.49369762501617,14,PTM-SEA,0.821917808219178,4,OTHER,AUR,AUR,AURKA
DAPK3,0,54,PTM-SEA,0,1,CAMK,DAPK,DAPK,DAPK3
RPS6KA5,68.52706292905063,22,PTM-SEA,0.7123287671232876,3,AGC,RSK,MSK,RPS6KA5
CHEK2,114.25662689019902,4,PTM-SEA,0.958904109589041,4,CAMK,RAD53,RAD53,CHEK2
RAF1,11.453129162185368,46,PTM-SEA,0.3561643835616438,2,TKL,RAF,RAF,RAF1
PRKCG,0,54,PTM-SEA,0,1,AGC,PKC,ALPHA,PRKCG
PRKCB,40.437025967475506,33,PTM-SEA,0.5342465753424658,3,AGC,PKC,ALPHA,PRKCB
CDK1,98.70314341654398,8,PTM-SEA,0.9041095890410958,4,CMGC,CDK,CDC2,CDK1
ARAF,-40.50448328612074,32,PTM-SEA,0.547945205479452,3,TKL,RAF,RAF,ARAF
PIM1,2.4046168570469995,51,PTM-SEA,0.2876712328767123,2,CAMK,PIM,PIM,PIM1
CDK4,81.47722159927532,15,PTM-SEA,0.8082191780821918,4,CMGC,CDK,CDK4,CDK4
SRC,0,54,PTM-SEA,0,1,TK,SRC,SRCA,SRC
BRAF,-40.50448328612074,32,PTM-SEA,0.547945205479452,3,TKL,RAF,RAF,BRAF
PRKCA,-15.230836120007055,44,PTM-SEA,0.3835616438356164,2,AGC,PKC,ALPHA,PRKCA
PRKACA,-57.37118311155017,26,PTM-SEA,0.6438356164383562,3,AGC,PKA,PKA,PRKACA
PRKACG,-10.797192186128223,47,PTM-SEA,0.3424657534246575,2,AGC,PKA,PKA,PRKACG
PRKACB,-1.2538653333652365,52,PTM-SEA,0.2465753424657534,1,AGC,PKA,PKA,PRKACB
RPS6KB1,-31.566442508689942,38,PTM-SEA,0.4657534246575342,2,AGC,RSK,P70,RPS6KB1
CDK2,104.39837835929622,7,PTM-SEA,0.9178082191780822,4,CMGC,CDK,CDC2,CDK2
MAPK3,81.12169824240326,16,PTM-SEA,0.7945205479452054,4,CMGC,MAPK,ERK1,MAPK3
MAPK1,96.8176114539657,10,PTM-SEA,0.8767123287671232,4,CMGC,MAPK,ERK1,MAPK1
AKT1,-9.412497900203366,48,PTM-SEA,0.3287671232876712,2,AGC,AKT,AKT,AKT1
AKT2,-39.88624403985713,35,PTM-SEA,0.5068493150684932,3,AGC,AKT,AKT,AKT2
MAP3K8,39.18924308376975,36,PTM-SEA,0.4931506849315068,2,STE,STE-UNIQUE,STE-UNIQUE,MAP3K8
PRKCI,-1.2538653333652365,52,PTM-SEA,0.2465753424657534,1,AGC,PKC,IOTA,PRKCI
MTOR,0,54,PTM-SEA,0,1,ATYPICAL,PIKK,FRAP,MTOR
MAPK8,104.58230236336038,6,PTM-SEA,0.9315068493150684,4,CMGC,MAPK,JNK,MAPK8
MAPK9,0,54,PTM-SEA,0,1,CMGC,MAPK,JNK,MAPK9
CSNK1A1,0,54,PTM-SEA,0,1,CK1,CK1,CK1-A,CSNK1A1
CSNK1D,0,54,PTM-SEA,0,1,CK1,CK1,CK1-D,CSNK1D
MAPKAPK2,25.956984563720454,41,PTM-SEA,0.4246575342465753,2,CAMK,MAPKAPK,MAPKAPK,MAPKAPK2
GSK3B,-105.88745976557378,5,PTM-SEA,0.9452054794520548,4,CMGC,GSK,GSK,GSK3B
CDK7,119.95967741935485,1,PTM-SEA,1,4,CMGC,CDK,CDK7,CDK7
CDK9,66.53225806451613,23,PTM-SEA,0.684931506849315,3,CMGC,CDK,CDK9,CDK9
RPS6KA3,24.2138314490627,43,PTM-SEA,0.3972602739726027,2,AGC,RSK,RSK,RPS6KA3
NEK2,0,54,PTM-SEA,0,1,OTHER,NEK,NEK2,NEK2
DAPK1,44.52513431524752,31,PTM-SEA,0.5753424657534246,3,CAMK,DAPK,DAPK,DAPK1
PRKAA2,-29.98835542603738,39,PTM-SEA,0.4520547945205479,2,CAMK,CAMKL,AMPK,PRKAA2
CSNK2A1,82.96705163535695,13,PTM-SEA,0.8356164383561644,4,CMGC,CK2,CK2,CSNK2A1
PRKDC,118.30117888902045,2,PTM-SEA,0.9863013698630136,4,ATYPICAL,PIKK,DNAPK,PRKDC
ATM,75.85347869254684,18,PTM-SEA,0.7671232876712328,4,ATYPICAL,PIKK,ATM,ATM
AURKB,-6.416046210836477,50,PTM-SEA,0.3013698630136986,2,OTHER,AUR,AUR,AURKB
CDK3,0,54,PTM-SEA,0,1,CMGC,CDK,CDC2,CDK3
CDK6,66.53225806451613,23,PTM-SEA,0.684931506849315,3,CMGC,CDK,CDK4,CDK6
CDK5,95.62961751210844,11,PTM-SEA,0.863013698630137,4,CMGC,CDK,CDK5,CDK5
PRKCE,-6.521538401483063,49,PTM-SEA,0.3150684931506849,2,AGC,PKC,ETA,PRKCE
PRKCQ,75.62308293651945,19,PTM-SEA,0.7534246575342466,4,AGC,PKC,DELTA,PRKCQ
PRKCZ,-45.4881563146501,29,PTM-SEA,0.6027397260273972,3,AGC,PKC,IOTA,PRKCZ
PRKCD,-58.16834322065043,24,PTM-SEA,0.6712328767123288,3,AGC,PKC,DELTA,PRKCD
PRKAA1,51.12582483949216,28,PTM-SEA,0.6164383561643836,3,CAMK,CAMKL,AMPK,PRKAA1
PAK1,25.42643052175681,42,PTM-SEA,0.410958904109589,2,STE,STE20,PAKA,PAK1
PAK2,-68.54838709677419,21,PTM-SEA,0.726027397260274,3,STE,STE20,PAKA,PAK2
PRKG2,70.49388136975693,20,PTM-SEA,0.7397260273972602,3,AGC,PKG,PKG,PRKG2
ROCK1,0,54,PTM-SEA,0,1,AGC,DMPK,ROCK,ROCK1
ATR,115.07638144794241,3,PTM-SEA,0.9726027397260274,4,ATYPICAL,PIKK,ATR,ATR
CAMK2G,0,54,PTM-SEA,0,1,CAMK,CAMK2,CAMK2,CAMK2G
DYRK1A,77.28848294135264,17,PTM-SEA,0.7808219178082192,4,CMGC,DYRK,DYRK1,DYRK1A
PRKG1,-57.694880379702234,25,PTM-SEA,0.6575342465753424,3,AGC,PKG,PKG,PRKG1
PRKD1,-45.292180740833786,30,PTM-SEA,0.589041095890411,3,CAMK,PKD,PKD,PRKD1
RPS6KA2,-27.67795652433937,40,PTM-SEA,0.4383561643835616,2,AGC,RSK,RSK,RPS6KA2
RPS6KA1,-13.12848408254491,45,PTM-SEA,0.3698630136986301,2,AGC,RSK,RSK,RPS6KA1
PKN1,93.06479863331279,12,PTM-SEA,0.8493150684931506,4,AGC,PKN,PKN,PKN1
MAPK14,53.99297045291495,27,PTM-SEA,0.6301369863013698,3,CMGC,MAPK,P38,MAPK14
PIM3,-1.2538653333652365,52,PTM-SEA,0.2465753424657534,1,CAMK,PIM,PIM,PIM3
BRSK2,0,54,PTM-SEA,0,1,CAMK,CAMKL,BRSK,BRSK2
BRSK1,0,54,PTM-SEA,0,1,CAMK,CAMKL,BRSK,BRSK1
PASK,0,54,PTM-SEA,0,1,CAMK,CAMKL,PASK,PASK
VRK1,0,54,PTM-SEA,0,1,CK1,VRK,VRK,VRK1
PLK3,0,54,PTM-SEA,0,1,OTHER,PLK,PLK2,PLK3
NEK6,0,54,PTM-SEA,0,1,OTHER,NEK,NEK6,NEK6
PIM2,0.6905175307935075,53,PTM-SEA,0.2328767123287671,1,CAMK,PIM,PIM,PIM2
AKT3,-39.88691880368979,34,PTM-SEA,0.5205479452054794,3,AGC,AKT,AKT,AKT3
AAK1,302,269,KEA3,0.08857142857142856,1,OTHER,NAK,BIKE,AAK1
ABL1,46.333333333333336,22,KEA3,0.9285714285714286,4,TK,ABL,ABL,ABL1
ABL2,133.66666666666666,127,KEA3,0.5628571428571428,3,TK,ABL,ABL,ABL2
ACVR1,93,80,KEA3,0.72,3,TKL,STKR,TYPE1,ACVR1
ACVR1B,164,162,KEA3,0.42,2,TKL,STKR,TYPE1,ACVR1B
ACVR2B,213,207,KEA3,0.27714285714285714,2,TKL,STKR,TYPE2,ACVR2B
AKT1,32,12,KEA3,0.96,4,AGC,AKT,AKT,AKT1
AKT2,49.333333333333336,28,KEA3,0.9114285714285715,4,AGC,AKT,AKT,AKT2
AKT3,66,46,KEA3,0.8457142857142858,4,AGC,AKT,AKT,AKT3
ALK,69,50,KEA3,0.8342857142857143,4,TK,ALK,ALK,ALK
ARAF,84,68,KEA3,0.7685714285714286,4,TKL,RAF,RAF,ARAF
ATM,133.66666666666666,127,KEA3,0.5628571428571428,3,ATYPICAL,PIKK,ATM,ATM
ATR,87.66666666666667,73,KEA3,0.7485714285714286,3,ATYPICAL,PIKK,ATR,ATR
AURKA,34.666666666666664,13,KEA3,0.9571428571428572,4,OTHER,AUR,AUR,AURKA
AURKB,72,55,KEA3,0.8114285714285714,4,OTHER,AUR,AUR,AURKB
AURKC,186,188,KEA3,0.34,2,OTHER,AUR,AUR,AURKC
AXL,208.5,205,KEA3,0.28285714285714286,2,TK,AXL,AXL,AXL
BLK,259,245,KEA3,0.15714285714285714,1,TK,SRC,SRCB,BLK
BMP2K,326,289,KEA3,0.03142857142857143,1,OTHER,NAK,BIKE,BMP2K
BMPR1A,140.5,139,KEA3,0.5114285714285715,3,TKL,STKR,TYPE1,BMPR1A
BMPR1B,118,105,KEA3,0.6342857142857142,3,TKL,STKR,TYPE1,BMPR1B
BMPR2,216,209,KEA3,0.2714285714285714,2,TKL,STKR,TYPE2,BMPR2
BMX,131.33333333333334,124,KEA3,0.5742857142857143,3,TK,TEC,TEC,BMX
BRAF,75.5,59,KEA3,0.8,4,TKL,RAF,RAF,BRAF
BRSK1,138.66666666666666,136,KEA3,0.5285714285714286,3,CAMK,CAMKL,BRSK,BRSK1
BRSK2,307,274,KEA3,0.07428571428571429,1,CAMK,CAMKL,BRSK,BRSK2
BTK,95.66666666666667,85,KEA3,0.6971428571428572,3,TK,TEC,TEC,BTK
BUB1,182,184,KEA3,0.3514285714285714,2,OTHER,BUB,BUB,BUB1
CAMK1,108.66666666666667,95,KEA3,0.6657142857142857,3,CAMK,CAMK1,CAMK1,CAMK1
CAMK1D,251.5,237,KEA3,0.18285714285714286,1,CAMK,CAMK1,CAMK1,CAMK1D
CAMK2A,58,35,KEA3,0.8857142857142857,4,CAMK,CAMK2,CAMK2,CAMK2A
CAMK2B,110,97,KEA3,0.6571428571428571,3,CAMK,CAMK2,CAMK2,CAMK2B
CAMK2D,92.66666666666667,79,KEA3,0.7228571428571429,3,CAMK,CAMK2,CAMK2,CAMK2D
CAMK2G,4,1,KEA3,1,4,CAMK,CAMK2,CAMK2,CAMK2G
CAMK4,87.66666666666667,73,KEA3,0.7485714285714286,3,CAMK,CAMK1,CAMK1,CAMK4
CAMKK1,136.33333333333334,130,KEA3,0.5485714285714286,3,OTHER,CAMKK,META,CAMKK1
CAMKK2,103.5,91,KEA3,0.68,3,OTHER,CAMKK,META,CAMKK2
CDC42BPA,291,261,KEA3,0.11142857142857143,1,AGC,DMPK,GEK,CDC42BPA
CDC7,182.5,185,KEA3,0.3485714285714286,2,OTHER,CDC7,CDC7,CDC7
CDK1,48.5,26,KEA3,0.9171428571428571,4,CMGC,CDK,CDC2,CDK1
CDK11A,333,294,KEA3,0.017142857142857144,1,CMGC,CDK,CDK11,CDK11A
CDK11A,333,294,KEA3,0.017142857142857144,1,NA,NA,NA,CDK11A
CDK12,317,283,KEA3,0.04857142857142857,1,CMGC,CDK,CRK7,CDK12
CDK15,281,254,KEA3,0.13142857142857142,1,CMGC,CDK,PFTAIRE,CDK15
CDK16,271,249,KEA3,0.1457142857142857,1,CMGC,CDK,PCTAIRE,CDK16
CDK18,268,248,KEA3,0.14857142857142858,1,CMGC,CDK,PCTAIRE,CDK18
CDK19,165,163,KEA3,0.41714285714285715,2,CMGC,CDK,CDK8,CDK19
CDK2,19.333333333333332,9,KEA3,0.9714285714285714,4,CMGC,CDK,CDC2,CDK2
CDK20,211,206,KEA3,0.28,2,CMGC,CDK,CCRK,CDK20
CDK3,93.33333333333333,81,KEA3,0.7142857142857143,3,CMGC,CDK,CDC2,CDK3
CDK4,50.666666666666664,29,KEA3,0.9085714285714286,4,CMGC,CDK,CDK4,CDK4
CDK5,51.333333333333336,30,KEA3,0.9028571428571428,4,CMGC,CDK,CDK5,CDK5
CDK6,60.33333333333333,37,KEA3,0.88,4,CMGC,CDK,CDK4,CDK6
CDK7,87.66666666666667,73,KEA3,0.7485714285714286,3,CMGC,CDK,CDK7,CDK7
CDK8,151,150,KEA3,0.4685714285714286,2,CMGC,CDK,CDK8,CDK8
CDK9,75.33333333333333,58,KEA3,0.8028571428571428,4,CMGC,CDK,CDK9,CDK9
CDKL3,306,273,KEA3,0.07714285714285714,1,CMGC,CDKL,CDKL,CDKL3
CDKL5,92.5,78,KEA3,0.7285714285714285,3,CMGC,CDKL,CDKL,CDKL5
CHEK1,19.333333333333332,9,KEA3,0.9714285714285714,4,CAMK,CAMKL,CHK1,CHEK1
CHEK2,75,57,KEA3,0.8057142857142857,4,CAMK,RAD53,RAD53,CHEK2
CHUK,55.66666666666667,34,KEA3,0.8885714285714286,4,OTHER,IKK,IKK,CHUK
CLK1,159,157,KEA3,0.44571428571428573,2,CMGC,CLK,CLK,CLK1
CLK2,121.5,110,KEA3,0.6171428571428571,3,CMGC,CLK,CLK,CLK2
CLK3,194,193,KEA3,0.32285714285714284,2,CMGC,CLK,CLK,CLK3
CLK4,322,287,KEA3,0.037142857142857144,1,CMGC,CLK,CLK,CLK4
CSF1R,235,223,KEA3,0.22857142857142856,1,TK,PDGFR,PDGFR,CSF1R
CSK,146.66666666666666,146,KEA3,0.48857142857142855,2,TK,CSK,CSK,CSK
CSNK1A1,116,101,KEA3,0.6457142857142857,3,CK1,CK1,CK1-A,CSNK1A1
CSNK1A1L,338,299,KEA3,0.002857142857142857,1,CK1,CK1,CK1-A,CSNK1A1L
CSNK1D,95.66666666666667,85,KEA3,0.6971428571428572,3,CK1,CK1,CK1-D,CSNK1D
CSNK1E,142,140,KEA3,0.5085714285714286,3,CK1,CK1,CK1-D,CSNK1E
CSNK1G1,204.5,203,KEA3,0.2914285714285714,2,CK1,CK1,CK1-G,CSNK1G1
CSNK1G2,227.5,217,KEA3,0.24571428571428572,1,CK1,CK1,CK1-G,CSNK1G2
CSNK1G3,279,252,KEA3,0.13714285714285715,1,CK1,CK1,CK1-G,CSNK1G3
CSNK2A1,69.66666666666667,51,KEA3,0.8285714285714286,4,CMGC,CK2,CK2,CSNK2A1
CSNK2A2,136.33333333333334,130,KEA3,0.5485714285714286,3,CMGC,CK2,CK2,CSNK2A2
DAPK1,146,144,KEA3,0.4942857142857143,2,CAMK,DAPK,DAPK,DAPK1
DAPK3,83.66666666666667,67,KEA3,0.7771428571428571,4,CAMK,DAPK,DAPK,DAPK3
DCLK1,135,128,KEA3,0.5571428571428572,3,CAMK,DCAMKL,DCAMKL,DCLK1
DDR1,71.5,54,KEA3,0.8171428571428572,4,TK,DDR,DDR,DDR1
DDR2,125,114,KEA3,0.6057142857142858,3,TK,DDR,DDR,DDR2
DMPK,59,36,KEA3,0.8828571428571429,4,AGC,DMPK,GEK,DMPK
DYRK1A,118.33333333333333,106,KEA3,0.6285714285714286,3,CMGC,DYRK,DYRK1,DYRK1A
DYRK1B,53.666666666666664,33,KEA3,0.8914285714285715,4,CMGC,DYRK,DYRK1,DYRK1B
DYRK2,94.66666666666667,84,KEA3,0.7028571428571428,3,CMGC,DYRK,DYRK2,DYRK2
DYRK3,190,191,KEA3,0.32857142857142857,2,CMGC,DYRK,DYRK2,DYRK3
DYRK4,92,77,KEA3,0.7314285714285714,3,CMGC,DYRK,DYRK2,DYRK4
EEF2K,131,123,KEA3,0.5771428571428572,3,ATYPICAL,ALPHA,EEF2K,EEF2K
EGFR,69.66666666666667,51,KEA3,0.8285714285714286,4,TK,EGFR,EGFR,EGFR
EIF2AK1,316,282,KEA3,0.05142857142857143,1,OTHER,PEK,HRI,EIF2AK1
EIF2AK2,138,134,KEA3,0.5342857142857143,3,OTHER,PEK,PKR,EIF2AK2
EIF2AK3,336,297,KEA3,0.008571428571428572,1,OTHER,PEK,PEK,EIF2AK3
EPHA2,321,286,KEA3,0.04,1,TK,EPH,EPH,EPHA2
EPHA3,159.5,159,KEA3,0.43714285714285717,2,TK,EPH,EPH,EPHA3
EPHA4,327,290,KEA3,0.02857142857142857,1,TK,EPH,EPH,EPHA4
EPHA8,335,296,KEA3,0.011428571428571429,1,TK,EPH,EPH,EPHA8
EPHB1,323,288,KEA3,0.03428571428571429,1,TK,EPH,EPH,EPHB1
EPHB2,250,235,KEA3,0.18857142857142858,1,TK,EPH,EPH,EPHB2
EPHB3,181,183,KEA3,0.35428571428571426,2,TK,EPH,EPH,EPHB3
ERBB2,66,46,KEA3,0.8457142857142858,4,TK,EGFR,EGFR,ERBB2
ERBB4,239,228,KEA3,0.21428571428571427,1,TK,EGFR,EGFR,ERBB4
FASTK,244.5,231,KEA3,0.20285714285714285,1,ATYPICAL,FAST,FAST,FASTK
FER,38,17,KEA3,0.9428571428571428,4,TK,FER,FER,FER
FES,284,257,KEA3,0.12285714285714286,1,TK,FER,FER,FES
FGFR1,159.33333333333334,158,KEA3,0.44285714285714284,2,TK,FGFR,FGFR,FGFR1
FGFR2,161,160,KEA3,0.42857142857142855,2,TK,FGFR,FGFR,FGFR2
FGFR3,146,144,KEA3,0.4942857142857143,2,TK,FGFR,FGFR,FGFR3
FGFR4,94,83,KEA3,0.7057142857142857,3,TK,FGFR,FGFR,FGFR4
FGR,62,39,KEA3,0.8742857142857143,4,TK,SRC,SRCA,FGR
FLT1,308,275,KEA3,0.07142857142857142,1,TK,VEGFR,VEGFR,FLT1
FLT3,197,195,KEA3,0.3171428571428571,2,TK,PDGFR,PDGFR,FLT3
FLT4,283,256,KEA3,0.12571428571428572,1,TK,VEGFR,VEGFR,FLT4
FRK,199,197,KEA3,0.30857142857142855,2,TK,SRC,FRK,FRK
FYN,65,44,KEA3,0.8542857142857143,4,TK,SRC,SRCA,FYN
GRK1,237,226,KEA3,0.22,1,AGC,GRK,GRK,GRK1
GRK2,51.333333333333336,30,KEA3,0.9028571428571428,4,AGC,GRK,BARK,GRK2
GRK3,146.5,145,KEA3,0.49142857142857144,2,AGC,GRK,BARK,GRK3
GRK5,71,53,KEA3,0.82,4,AGC,GRK,GRK,GRK5
GRK6,126,116,KEA3,0.6,3,AGC,GRK,GRK,GRK6
GSK3A,78.33333333333333,64,KEA3,0.7857142857142857,4,CMGC,GSK,GSK,GSK3A
GSK3B,15.333333333333334,6,KEA3,0.9857142857142858,4,CMGC,GSK,GSK,GSK3B
HASPIN,222,212,KEA3,0.26285714285714284,2,OTHER,HASPIN,HASPIN,HASPIN
HCK,137.66666666666666,133,KEA3,0.54,3,TK,SRC,SRCB,HCK
HIPK1,92,77,KEA3,0.7314285714285714,3,CMGC,DYRK,HIPK,HIPK1
HIPK2,139.33333333333334,137,KEA3,0.5257142857142857,3,CMGC,DYRK,HIPK,HIPK2
HIPK3,297,266,KEA3,0.09714285714285714,1,CMGC,DYRK,HIPK,HIPK3
HIPK4,73,56,KEA3,0.8085714285714286,4,CMGC,DYRK,HIPK,HIPK4
ICK,223,213,KEA3,0.26,2,CMGC,RCK,RCK,CILK1
IGF1R,118.33333333333333,106,KEA3,0.6285714285714286,3,TK,INSR,INSR,IGF1R
IKBKB,51.666666666666664,31,KEA3,0.8971428571428571,4,OTHER,IKK,IKK,IKBKB
IKBKE,36,15,KEA3,0.9485714285714286,4,OTHER,IKK,IKK,IKBKE
ILK,108.66666666666667,95,KEA3,0.6657142857142857,3,TKL,MLK,ILK,ILK
INSR,120.33333333333333,107,KEA3,0.6257142857142857,3,TK,INSR,INSR,INSR
IRAK1,164,162,KEA3,0.42,2,TKL,IRAK,IRAK,IRAK1
IRAK3,254.5,241,KEA3,0.17142857142857143,1,TKL,IRAK,IRAK,IRAK3
IRAK4,296,265,KEA3,0.1,1,TKL,IRAK,IRAK,IRAK4
ITK,166.33333333333334,165,KEA3,0.4114285714285714,2,TK,TEC,TEC,ITK
JAK1,172,172,KEA3,0.38857142857142857,2,TK,JAKA,JAKA,JAK1
JAK2,70.33333333333333,52,KEA3,0.8228571428571428,4,TK,JAKA,JAKA,JAK2
JAK3,158,156,KEA3,0.44857142857142857,2,TK,JAKA,JAKA,JAK3
KDR,304,271,KEA3,0.08285714285714285,1,TK,VEGFR,VEGFR,KDR
KIT,201,199,KEA3,0.3028571428571429,2,TK,PDGFR,PDGFR,KIT
KSR1,188,189,KEA3,0.33714285714285713,2,TKL,RAF,KSR,KSR1
KSR2,87,72,KEA3,0.7571428571428571,4,TKL,RAF,KSR,KSR2
LATS1,175,176,KEA3,0.37714285714285717,2,AGC,NDR,NDR,LATS1
LATS2,93.5,82,KEA3,0.7114285714285714,3,AGC,NDR,NDR,LATS2
LCK,77.33333333333333,62,KEA3,0.7914285714285715,4,TK,SRC,SRCB,LCK
LIMK1,254,240,KEA3,0.1742857142857143,1,TKL,LISK,LIMK,LIMK1
LIMK2,179.5,180,KEA3,0.3628571428571429,2,TKL,LISK,LIMK,LIMK2
LRRK2,168.5,168,KEA3,0.40285714285714286,2,TKL,LRRK,LRRK,LRRK2
LYN,104.66666666666667,92,KEA3,0.6771428571428572,3,TK,SRC,SRCB,LYN
MAK,280,253,KEA3,0.13428571428571429,1,CMGC,RCK,RCK,MAK
MAP2K1,43,20,KEA3,0.9342857142857143,4,STE,STE7,MEK1,MAP2K1
MAP2K2,166.5,166,KEA3,0.4085714285714286,2,STE,STE7,MEK1,MAP2K2
MAP2K3,162,161,KEA3,0.4257142857142857,2,STE,STE7,MEK3,MAP2K3
MAP2K4,129.33333333333334,120,KEA3,0.5857142857142857,3,STE,STE7,MEK4,MAP2K4
MAP2K6,170.33333333333334,170,KEA3,0.3942857142857143,2,STE,STE7,MEK3,MAP2K6
MAP2K7,140.5,139,KEA3,0.5114285714285715,3,STE,STE7,MEK7,MAP2K7
MAP3K1,238,227,KEA3,0.21714285714285714,1,STE,STE11,MEKK1,MAP3K1
MAP3K10,285,258,KEA3,0.12,1,TKL,MLK,MLK,MAP3K10
MAP3K11,197.66666666666666,196,KEA3,0.3142857142857143,2,TKL,MLK,MLK,MAP3K11
MAP3K13,255.5,242,KEA3,0.16857142857142857,1,TKL,MLK,LZK,MAP3K13
MAP3K14,111,99,KEA3,0.6514285714285715,3,STE,STE-UNIQUE,STE-UNIQUE,MAP3K14
MAP3K20,168,167,KEA3,0.4057142857142857,2,TKL,MLK,ZAK,MAP3K20
MAP3K3,253,239,KEA3,0.17714285714285713,1,STE,STE11,MEKK2,MAP3K3
MAP3K4,244,230,KEA3,0.20857142857142857,1,STE,STE11,MEKK4,MAP3K4
MAP3K5,96.33333333333333,86,KEA3,0.6942857142857143,3,STE,STE11,ASK,MAP3K5
MAP3K6,138,134,KEA3,0.5342857142857143,3,STE,STE11,ASK,MAP3K6
MAP3K7,125.33333333333333,115,KEA3,0.6028571428571429,3,TKL,MLK,TAK1,MAP3K7
MAP3K8,86,70,KEA3,0.7628571428571429,4,STE,STE-UNIQUE,STE-UNIQUE,MAP3K8
MAP4K1,282,255,KEA3,0.12857142857142856,1,STE,STE20,KHS,MAP4K1
MAP4K2,178.5,178,KEA3,0.36857142857142855,2,STE,STE20,KHS,MAP4K2
MAP4K3,299,267,KEA3,0.09428571428571429,1,STE,STE20,KHS,MAP4K3
MAP4K4,312,278,KEA3,0.06285714285714286,1,STE,STE20,MSN,MAP4K4
MAP4K5,120.5,108,KEA3,0.6228571428571429,3,STE,STE20,KHS,MAP4K5
MAPK1,35.666666666666664,14,KEA3,0.9542857142857143,4,CMGC,MAPK,ERK1,MAPK1
MAPK10,124,113,KEA3,0.6085714285714285,3,CMGC,MAPK,JNK,MAPK10
MAPK11,92.66666666666667,79,KEA3,0.7228571428571429,3,CMGC,MAPK,P38,MAPK11
MAPK12,123,112,KEA3,0.6114285714285714,3,CMGC,MAPK,P38,MAPK12
MAPK13,143.66666666666666,142,KEA3,0.5028571428571429,3,CMGC,MAPK,P38,MAPK13
MAPK14,48,24,KEA3,0.9228571428571428,4,CMGC,MAPK,P38,MAPK14
MAPK15,205,204,KEA3,0.2857142857142857,2,CMGC,MAPK,ERK7,MAPK15
MAPK3,44,21,KEA3,0.9314285714285714,4,CMGC,MAPK,ERK1,MAPK3
MAPK6,235.5,224,KEA3,0.2257142857142857,1,CMGC,MAPK,ERK3,MAPK6
MAPK7,101.66666666666667,89,KEA3,0.6857142857142857,3,CMGC,MAPK,ERK5,MAPK7
MAPK8,84,68,KEA3,0.7685714285714286,4,CMGC,MAPK,JNK,MAPK8
MAPK9,39.666666666666664,18,KEA3,0.94,4,CMGC,MAPK,JNK,MAPK9
MAPKAPK2,65.33333333333333,45,KEA3,0.8514285714285714,4,CAMK,MAPKAPK,MAPKAPK,MAPKAPK2
MAPKAPK3,301,268,KEA3,0.09142857142857143,1,CAMK,MAPKAPK,MAPKAPK,MAPKAPK3
MAPKAPK5,68,49,KEA3,0.8371428571428572,4,CAMK,MAPKAPK,MAPKAPK,MAPKAPK5
MARK2,140,138,KEA3,0.5171428571428571,3,CAMK,CAMKL,MARK,MARK2
MARK3,79,65,KEA3,0.7828571428571428,4,CAMK,CAMKL,MARK,MARK3
MARK4,334,295,KEA3,0.014285714285714285,1,CAMK,CAMKL,MARK,MARK4
MAST1,244.5,231,KEA3,0.20285714285714285,1,AGC,MAST,MAST,MAST1
MAST2,315,281,KEA3,0.054285714285714284,1,AGC,MAST,MAST,MAST2
MATK,221,211,KEA3,0.26571428571428574,2,TK,CSK,CSK,MATK
MELK,245,232,KEA3,0.19714285714285715,1,CAMK,CAMKL,MELK,MELK
MERTK,154,152,KEA3,0.46285714285714286,2,TK,AXL,AXL,MERTK
MET,133,126,KEA3,0.5685714285714286,3,TK,MET,MET,MET
MKNK1,172.66666666666666,173,KEA3,0.38571428571428573,2,CAMK,MAPKAPK,MNK,MKNK1
MKNK2,234.5,222,KEA3,0.23142857142857143,1,CAMK,MAPKAPK,MNK,MKNK2
MOK,228.5,219,KEA3,0.24,1,CMGC,RCK,RCK,MOK
MOS,305,272,KEA3,0.08,1,OTHER,MOS,MOS,MOS
MST1R,259,245,KEA3,0.15714285714285714,1,TK,MET,MET,MST1R
MTOR,116.33333333333333,102,KEA3,0.6428571428571429,3,ATYPICAL,PIKK,FRAP,MTOR
MYLK2,201.5,200,KEA3,0.3,2,CAMK,MLCK,MLCK,MYLK2
MYO3A,262,247,KEA3,0.15142857142857144,1,STE,STE20,NINAC,MYO3A
NEK10,294,263,KEA3,0.10571428571428572,1,OTHER,NEK,NEK10,NEK10
NEK11,314,280,KEA3,0.05714285714285714,1,OTHER,NEK,NEK11,NEK11
NEK2,78,63,KEA3,0.7885714285714286,4,OTHER,NEK,NEK2,NEK2
NEK3,188.5,190,KEA3,0.3342857142857143,2,OTHER,NEK,NEK1,NEK3
NEK4,199,197,KEA3,0.30857142857142855,2,OTHER,NEK,NEK4,NEK4
NEK6,77,61,KEA3,0.7942857142857143,4,OTHER,NEK,NEK6,NEK6
NEK8,233,221,KEA3,0.2342857142857143,1,OTHER,NEK,NEK8,NEK8
NEK9,147,147,KEA3,0.4857142857142857,2,OTHER,NEK,NEK8,NEK9
NIM1K,286,259,KEA3,0.11714285714285715,1,CAMK,CAMKL,NIM1,NIM1K
NLK,145.66666666666666,143,KEA3,0.5,3,CMGC,MAPK,NMO,NLK
NPR2,122,111,KEA3,0.6142857142857143,3,RGC,RGC,RGC,NPR2
NRBP2,227,216,KEA3,0.24857142857142858,1,OTHER,NRBP,NRBP,NRBP2
NTRK1,148,148,KEA3,0.4828571428571429,2,TK,TRK,TRK,NTRK1
NTRK2,183,186,KEA3,0.3457142857142857,2,TK,TRK,TRK,NTRK2
NTRK3,151,150,KEA3,0.4685714285714286,2,TK,TRK,TRK,NTRK3
NUAK1,151.66666666666666,151,KEA3,0.4657142857142857,2,CAMK,CAMKL,NUAK,NUAK1
NUAK2,248,233,KEA3,0.19428571428571428,1,CAMK,CAMKL,NUAK,NUAK2
OXSR1,274.5,250,KEA3,0.14285714285714285,1,STE,STE20,FRAY,OXSR1
PAK1,32,12,KEA3,0.96,4,STE,STE20,PAKA,PAK1
PAK2,157,155,KEA3,0.4514285714285714,2,STE,STE20,PAKA,PAK2
PAK3,192,192,KEA3,0.32571428571428573,2,STE,STE20,PAKA,PAK3
PAK4,63.666666666666664,41,KEA3,0.8685714285714285,4,STE,STE20,PAKB,PAK4
PAK5,329,292,KEA3,0.022857142857142857,1,STE,STE20,PAKB,PAK5
PAK6,161,160,KEA3,0.42857142857142855,2,STE,STE20,PAKB,PAK6
PASK,204,202,KEA3,0.29428571428571426,2,CAMK,CAMKL,PASK,PASK
PBK,109.33333333333333,96,KEA3,0.6628571428571428,3,OTHER,TOPK,TOPK,PBK
PDGFRA,205,204,KEA3,0.2857142857142857,2,TK,PDGFR,PDGFR,PDGFRA
PDGFRB,173.33333333333334,174,KEA3,0.38285714285714284,2,TK,PDGFR,PDGFR,PDGFRB
PDIK1L,303,270,KEA3,0.08571428571428572,1,OTHER,NKF4,NKF4,PDIK1L
PDK1,138.5,135,KEA3,0.5314285714285715,3,ATYPICAL,PDHK,PDHK,PDK1
PDPK1,135,128,KEA3,0.5571428571428572,3,AGC,PDK1,PDK1,PDPK1
PIK3CA,231,220,KEA3,0.23714285714285716,1,NA,NA,NA,PIK3CA
PIK3CB,337,298,KEA3,0.005714285714285714,1,NA,NA,NA,PIK3CB
PIK3CG,313,279,KEA3,0.06,1,NA,NA,NA,PIK3CG
PIK3R4,130,121,KEA3,0.5828571428571429,3,OTHER,VPS15,VPS15,PIK3R4
PIM1,19.333333333333332,9,KEA3,0.9714285714285714,4,CAMK,PIM,PIM,PIM1
PIM2,94,83,KEA3,0.7057142857142857,3,CAMK,PIM,PIM,PIM2
PINK1,151,150,KEA3,0.4685714285714286,2,OTHER,NKF2,NKF2,PINK1
PKMYT1,292,262,KEA3,0.10857142857142857,1,OTHER,WEE,WEE,PKMYT1
PKN1,116.66666666666667,104,KEA3,0.6371428571428571,3,AGC,PKN,PKN,PKN1
PLK1,60.333333333333336,38,KEA3,0.8771428571428571,4,OTHER,PLK,PLK1,PLK1
PLK2,159.5,159,KEA3,0.43714285714285717,2,OTHER,PLK,PLK2,PLK2
PLK3,40,19,KEA3,0.9371428571428572,4,OTHER,PLK,PLK2,PLK3
PLK4,136,129,KEA3,0.5542857142857143,3,OTHER,PLK,SAK,PLK4
PNCK,180,181,KEA3,0.36,2,CAMK,CAMK1,CAMK1,PNCK
PRKAA1,11,4,KEA3,0.9914285714285714,4,CAMK,CAMKL,AMPK,PRKAA1
PRKAA2,64.33333333333333,42,KEA3,0.8657142857142858,4,CAMK,CAMKL,AMPK,PRKAA2
PRKACA,10.333333333333332,3,KEA3,0.9942857142857143,4,AGC,PKA,PKA,PRKACA
PRKACB,252,238,KEA3,0.18,1,AGC,PKA,PKA,PRKACB
PRKCA,7.666666666666666,2,KEA3,0.9971428571428571,4,AGC,PKC,ALPHA,PRKCA
PRKCB,36.333333333333336,16,KEA3,0.9457142857142857,4,AGC,PKC,ALPHA,PRKCB
PRKCD,66.33333333333333,47,KEA3,0.8428571428571429,4,AGC,PKC,DELTA,PRKCD
PRKCE,84,68,KEA3,0.7685714285714286,4,AGC,PKC,ETA,PRKCE
PRKCG,98.33333333333333,88,KEA3,0.6885714285714286,3,AGC,PKC,ALPHA,PRKCG
PRKCH,140,138,KEA3,0.5171428571428571,3,AGC,PKC,ETA,PRKCH
PRKCI,107.33333333333333,94,KEA3,0.6714285714285714,3,AGC,PKC,IOTA,PRKCI
PRKCQ,70.33333333333333,52,KEA3,0.8228571428571428,4,AGC,PKC,DELTA,PRKCQ
PRKCZ,48.333333333333336,25,KEA3,0.92,4,AGC,PKC,IOTA,PRKCZ
PRKD1,29.333333333333332,11,KEA3,0.9657142857142857,4,CAMK,PKD,PKD,PRKD1
PRKD2,170.33333333333334,170,KEA3,0.3942857142857143,2,CAMK,PKD,PKD,PRKD2
PRKD3,196,194,KEA3,0.32,2,CAMK,PKD,PKD,PRKD3
PRKDC,46.666666666666664,23,KEA3,0.9257142857142857,4,ATYPICAL,PIKK,DNAPK,PRKDC
PRKG1,18.333333333333332,7,KEA3,0.9828571428571429,4,AGC,PKG,PKG,PRKG1
PRKG2,180.5,182,KEA3,0.35714285714285715,2,AGC,PKG,PKG,PRKG2
PRKX,227,216,KEA3,0.24857142857142858,1,AGC,PKA,PKA,PRKX
PRKY,151,150,KEA3,0.4685714285714286,2,AGC,PKA,PKA,PRKY
PRPF4B,166,164,KEA3,0.4142857142857143,2,CMGC,DYRK,PRP4,PRPF4B
PTK2,136.66666666666666,131,KEA3,0.5457142857142857,3,TK,FAK,FAK,PTK2
PTK2B,53,32,KEA3,0.8942857142857142,4,TK,FAK,FAK,PTK2B
PTK6,106,93,KEA3,0.6742857142857143,3,TK,SRC,SRM,PTK6
PXK,129,119,KEA3,0.5885714285714285,3,OTHER,SLOB,SLOB,PXK
RAF1,92,77,KEA3,0.7314285714285714,3,TKL,RAF,RAF,RAF1
RET,93.33333333333333,81,KEA3,0.7142857142857143,3,TK,RET,RET,RET
RIOK1,295,264,KEA3,0.10285714285714286,1,ATYPICAL,RIO,RIO1,RIOK1
RIPK1,260,246,KEA3,0.15428571428571428,1,TKL,RIPK,RIPK,RIPK1
RIPK2,202,201,KEA3,0.29714285714285715,2,TKL,RIPK,RIPK,RIPK2
RIPK3,81,66,KEA3,0.78,4,TKL,RIPK,RIPK,RIPK3
ROCK1,51.666666666666664,31,KEA3,0.8971428571428571,4,AGC,DMPK,ROCK,ROCK1
ROCK2,185,187,KEA3,0.34285714285714286,2,AGC,DMPK,ROCK,ROCK2
RPS6KA1,13.333333333333334,5,KEA3,0.9885714285714285,4,AGC,RSK,RSK,RPS6KA1
RPS6KA2,102,90,KEA3,0.6828571428571428,3,AGC,RSK,RSK,RPS6KA2
RPS6KA3,22,10,KEA3,0.9685714285714285,4,AGC,RSK,RSK,RPS6KA3
RPS6KA4,62.5,40,KEA3,0.8714285714285714,4,AGC,RSK,MSK,RPS6KA4
RPS6KA5,49,27,KEA3,0.9142857142857143,4,AGC,RSK,MSK,RPS6KA5
RPS6KB1,36,15,KEA3,0.9485714285714286,4,AGC,RSK,P70,RPS6KB1
RPS6KB2,120.66666666666667,109,KEA3,0.62,3,AGC,RSK,P70,RPS6KB2
RPS6KL1,242,229,KEA3,0.21142857142857144,1,AGC,RSKL,RSKL,RPS6KL1
SCYL1,328,291,KEA3,0.025714285714285714,1,OTHER,SCY1,SCY1,SCYL1
SCYL2,116.5,103,KEA3,0.64,3,OTHER,SCY1,SCY1,SCYL2
SCYL3,278,251,KEA3,0.14,1,OTHER,SCY1,SCY1,SCYL3
SGK1,66.66666666666667,48,KEA3,0.84,4,AGC,SGK,SGK,SGK1
SGK2,149,149,KEA3,0.48,2,AGC,SGK,SGK,SGK2
SGK3,65,44,KEA3,0.8542857142857143,4,AGC,SGK,SGK,SGK3
SIK1,245,232,KEA3,0.19714285714285715,1,CAMK,CAMKL,QIK,SIK1
SIK2,309,276,KEA3,0.06857142857142857,1,CAMK,CAMKL,QIK,SIK2
SMG1,331,293,KEA3,0.02,1,ATYPICAL,PIKK,SMG1,SMG1
SNRK,224.5,214,KEA3,0.2571428571428571,2,CAMK,CAMKL,SNRK,SNRK
SRC,19,8,KEA3,0.98,4,TK,SRC,SRCA,SRC
SRMS,171,171,KEA3,0.3914285714285714,2,TK,SRC,SRM,SRMS
SRPK1,177.5,177,KEA3,0.37142857142857144,2,CMGC,SRPK,SRPK,SRPK1
SRPK2,90,75,KEA3,0.7428571428571429,3,CMGC,SRPK,SRPK,SRPK2
STK10,257,243,KEA3,0.1657142857142857,1,STE,STE20,SLK,STK10
STK11,113,100,KEA3,0.6485714285714286,3,CAMK,CAMKL,LKB,STK11
STK16,72,55,KEA3,0.8114285714285714,4,OTHER,NAK,MPSK,STK16
STK17A,132,125,KEA3,0.5714285714285714,3,CAMK,DAPK,DRAK,STK17A
STK24,161,160,KEA3,0.42857142857142855,2,STE,STE20,YSK,STK24
STK25,190,191,KEA3,0.32857142857142857,2,STE,STE20,YSK,STK25
STK26,236,225,KEA3,0.22285714285714286,1,STE,STE20,YSK,STK26
STK3,65,44,KEA3,0.8542857142857143,4,STE,STE20,MST,STK3
STK33,287,260,KEA3,0.11428571428571428,1,CAMK,CAMK-UNIQUE,CAMK-UNIQUE,STK33
STK36,228,218,KEA3,0.24285714285714285,1,OTHER,ULK,FUSED,STK36
STK38,179,179,KEA3,0.3657142857142857,2,AGC,NDR,NDR,STK38
STK38L,137.5,132,KEA3,0.5428571428571428,3,AGC,NDR,NDR,STK38L
STK39,129,119,KEA3,0.5885714285714285,3,STE,STE20,FRAY,STK39
STK4,126.5,117,KEA3,0.5971428571428572,3,STE,STE20,MST,STK4
STK40,225,215,KEA3,0.2542857142857143,2,CAMK,SGK495,SGK495,STK40
STYK1,219,210,KEA3,0.26857142857142857,2,TK,TK-UNIQUE,TK-UNIQUE,STYK1
SYK,64.66666666666667,43,KEA3,0.8628571428571429,4,TK,SYK,SYK,SYK
TAOK1,310,277,KEA3,0.06571428571428571,1,STE,STE20,TAO,TAOK1
TBK1,84.66666666666667,69,KEA3,0.7657142857142857,4,OTHER,IKK,IKK,TBK1
TEC,174,175,KEA3,0.38,2,TK,TEC,TEC,TEC
TEK,319,284,KEA3,0.045714285714285714,1,TK,TIE,TIE,TEK
TESK1,249,234,KEA3,0.19142857142857142,1,TKL,LISK,TESK,TESK1
TESK2,91.5,76,KEA3,0.74,3,TKL,LISK,TESK,TESK2
TGFBR1,199.5,198,KEA3,0.3057142857142857,2,TKL,STKR,TYPE1,TGFBR1
TGFBR2,98,87,KEA3,0.6914285714285714,3,TKL,STKR,TYPE2,TGFBR2
TLK1,215,208,KEA3,0.2742857142857143,2,OTHER,TLK,TLK,TLK1
TNIK,320,285,KEA3,0.04285714285714286,1,STE,STE20,MSN,TNIK
TNK2,76.66666666666667,60,KEA3,0.7971428571428572,4,TK,ACK,ACK,TNK2
TNNI3K,154.5,153,KEA3,0.45714285714285713,2,TKL,MLK,HH498,TNNI3K
TP53RK,339,300,KEA3,0,1,OTHER,BUD32,BUD32,TP53RK
TRIB3,143.5,141,KEA3,0.5057142857142857,3,CAMK,TRBL,TRBL,TRIB3
TRPM7,154.5,153,KEA3,0.45714285714285713,2,ATYPICAL,ALPHA,CHAK,TRPM7
TTK,156.33333333333334,154,KEA3,0.4542857142857143,2,OTHER,TTK,TTK,TTK
TXK,258,244,KEA3,0.16285714285714287,1,TK,TEC,TEC,TXK
TYK2,128,118,KEA3,0.5942857142857143,3,TK,JAKA,JAKA,TYK2
TYRO3,140,138,KEA3,0.5171428571428571,3,TK,AXL,AXL,TYRO3
UHMK1,130.5,122,KEA3,0.58,3,OTHER,KIS,KIS,UHMK1
ULK1,177.5,177,KEA3,0.37142857142857144,2,OTHER,ULK,ULK,ULK1
VRK1,170,169,KEA3,0.4,2,CK1,VRK,VRK,VRK1
VRK3,251,236,KEA3,0.18571428571428572,1,CK1,VRK,VRK,VRK3
WEE1,89,74,KEA3,0.7457142857142857,3,OTHER,WEE,WEE,WEE1
WNK1,110.66666666666667,98,KEA3,0.6542857142857142,3,OTHER,WNK,WNK,WNK1
YES1,110,97,KEA3,0.6571428571428571,3,TK,SRC,SRCA,YES1
ZAP70,86.66666666666667,71,KEA3,0.76,4,TK,SYK,SYK,ZAP70
PRKX,1.619788758288394,5,UKA,0.9411764705882353,4,AGC,PKA,PKA,PRKX
CAMK4,0.958607314841775,12,UKA,0.8739495798319328,4,CAMK,CAMK1,CAMK1,CAMK4
CAMK4,0.958607314841775,12,UKA,0.8739495798319328,4,OTHER,CAMKK,META,CAMKK1
PIM1,0.9281179926938746,15,UKA,0.8403361344537815,4,CAMK,PIM,PIM,PIM1
SGK2,0.8068754016455384,16,UKA,0.8319327731092437,4,AGC,SGK,SGK,SGK2
SGK2,0.8068754016455384,16,UKA,0.8319327731092437,4,AGC,SGK,SGK,SGK3
PIM2,0.6695862266508091,19,UKA,0.8067226890756303,4,CAMK,PIM,PIM,PIM2
PRKY,0.6497519816658371,20,UKA,0.7983193277310925,4,AGC,PKA,PKA,PRKY
CDK10,0.543633966870957,25,UKA,0.7563025210084033,4,CMGC,CDK,CDK10,CDK10
SGK1,0.42021640338318983,29,UKA,0.7226890756302521,3,AGC,SGK,SGK,SGK1
MAPKAPK3,0.32239304727950685,35,UKA,0.6722689075630253,3,CAMK,MAPKAPK,MAPKAPK,MAPKAPK3
PLK3,0.28232949699773785,44,UKA,0.5882352941176471,3,OTHER,PLK,PLK2,PLK3
ARAF,0.266000713461613,46,UKA,0.5546218487394958,3,TKL,RAF,RAF,ARAF
BRAF,0.266000713461613,46,UKA,0.5546218487394958,3,TKL,RAF,RAF,BRAF
PIM3,0.266000713461613,46,UKA,0.5546218487394958,3,CAMK,PIM,PIM,PIM3
ROCK1,0.2612194415156308,47,UKA,0.5462184873949579,3,AGC,DMPK,ROCK,ROCK1
ROCK2,0.22767829327708025,51,UKA,0.5126050420168067,3,AGC,DMPK,ROCK,ROCK2
DAPK2,0.22044186000401972,52,UKA,0.5042016806722689,3,CAMK,DAPK,DAPK,DAPK2
TBK1,0.2062096153091813,54,UKA,0.48739495798319327,2,OTHER,IKK,IKK,TBK1
PAK1,0.18842499412940664,56,UKA,0.47058823529411764,2,STE,STE20,PAKA,PAK1
DAPK1,0.13851530793455147,61,UKA,0.42857142857142855,2,CAMK,DAPK,DAPK,DAPK1
ATR,0.12959609472097294,64,UKA,0.40336134453781514,2,ATYPICAL,PIKK,ATR,ATR
MAPKAPK2,0.11350927482751812,66,UKA,0.37815126050420167,2,CAMK,MAPKAPK,MAPKAPK,MAPKAPK2
RAF1,0.10568393731556154,67,UKA,0.3697478991596639,2,TKL,RAF,RAF,RAF1
CDKL2,0.0947654515105778,68,UKA,0.36134453781512604,2,CMGC,CDKL,CDKL,CDKL2
CDK3,0.06854212931099495,74,UKA,0.31092436974789917,2,CMGC,CDK,CDC2,CDK3
CDKL5,0.06701947373707068,75,UKA,0.3025210084033613,2,CMGC,CDKL,CDKL,CDKL5
CDK4,0.06651271215129456,76,UKA,0.29411764705882354,2,CMGC,CDK,CDK4,CDK4
CDK6,0.06550154875643228,77,UKA,0.2857142857142857,2,CMGC,CDK,CDK4,CDK6
CDKL1,0.0614802748235081,80,UKA,0.2605042016806723,2,CMGC,CDKL,CDKL,CDKL1
CDK7,0.03058408764601861,86,UKA,0.20168067226890757,1,CMGC,CDK,CDK7,CDK7
DAPK3,0.02687214640030136,88,UKA,0.18487394957983194,1,CAMK,DAPK,DAPK,DAPK3
NUAK1,0.01055018233330819,93,UKA,0.14285714285714285,1,CAMK,CAMKL,NUAK,NUAK1
DYRK1A,0.00174153715765779,99,UKA,0.09243697478991597,1,CMGC,DYRK,DYRK1,DYRK1A
MAPK14,0.00174066157630127,100,UKA,0.07563025210084033,1,CMGC,MAPK,P38,MAPK14
CDK9,8.694587126288914e-4,101,UKA,0.06722689075630252,1,CMGC,CDK,CDK9,CDK9
CDK2,0,102,UKA,0,1,CMGC,CDK,CDC2,CDK2
CDK5,0,102,UKA,0,1,CMGC,CDK,CDK5,CDK5
DYRK,-4.605,1,KRSA,0.9905956112852664,4,CMGC,DYRK,DYRK1,DYRK1A
DYRK,-4.605,1,KRSA,0.9905956112852664,4,CMGC,DYRK,DYRK1,DYRK1B
DYRK,-4.605,1,KRSA,0.9905956112852664,4,CMGC,DYRK,DYRK2,DYRK2
DYRK,-4.605,1,KRSA,0.9905956112852664,4,CMGC,DYRK,DYRK2,DYRK3
DYRK,-4.605,1,KRSA,0.9905956112852664,4,CMGC,DYRK,DYRK2,DYRK4
DYRK,-4.605,1,KRSA,0.9905956112852664,4,CMGC,DYRK,HIPK,HIPK1
DYRK,-4.605,1,KRSA,0.9905956112852664,4,CMGC,DYRK,HIPK,HIPK2
DYRK,-4.605,1,KRSA,0.9905956112852664,4,CMGC,DYRK,HIPK,HIPK3
DYRK,-4.605,1,KRSA,0.9905956112852664,4,CMGC,DYRK,HIPK,HIPK4
DYRK,-4.605,1,KRSA,0.9905956112852664,4,CMGC,DYRK,PRP4,PRPF4B
PKA,4.2075,2,KRSA,0.9780564263322884,4,AGC,PKA,PKA,PRKACA
PKA,4.2075,2,KRSA,0.9780564263322884,4,AGC,PKA,PKA,PRKACB
PKA,4.2075,2,KRSA,0.9780564263322884,4,AGC,PKA,PKA,PRKACG
PKA,4.2075,2,KRSA,0.9780564263322884,4,AGC,PKA,PKA,PRKX
PKA,4.2075,2,KRSA,0.9780564263322884,4,AGC,PKA,PKA,PRKY
JNK,-3.93,4,KRSA,0.9529780564263323,4,CMGC,MAPK,JNK,MAPK10
JNK,-3.93,4,KRSA,0.9529780564263323,4,CMGC,MAPK,JNK,MAPK8
JNK,-3.93,4,KRSA,0.9529780564263323,4,CMGC,MAPK,JNK,MAPK9
ERK,-4.0024999999999995,3,KRSA,0.9655172413793104,4,CMGC,MAPK,ERK1,MAPK1
ERK,-4.0024999999999995,3,KRSA,0.9655172413793104,4,CMGC,MAPK,ERK7,MAPK15
ERK,-4.0024999999999995,3,KRSA,0.9655172413793104,4,CMGC,MAPK,ERK1,MAPK3
ERK,-4.0024999999999995,3,KRSA,0.9655172413793104,4,CMGC,MAPK,ERK3,MAPK4
ERK,-4.0024999999999995,3,KRSA,0.9655172413793104,4,CMGC,MAPK,ERK3,MAPK6
ERK,-4.0024999999999995,3,KRSA,0.9655172413793104,4,CMGC,MAPK,ERK5,MAPK7
NMO,-3.6175,5,KRSA,0.9404388714733543,4,CMGC,MAPK,NMO,NLK
DMPK,3.56,7,KRSA,0.9153605015673981,4,AGC,DMPK,GEK,CDC42BPA
DMPK,3.56,7,KRSA,0.9153605015673981,4,AGC,DMPK,GEK,CDC42BPB
DMPK,3.56,7,KRSA,0.9153605015673981,4,AGC,DMPK,GEK,CDC42BPG
DMPK,3.56,7,KRSA,0.9153605015673981,4,AGC,DMPK,CRIK,CIT
DMPK,3.56,7,KRSA,0.9153605015673981,4,AGC,DMPK,GEK,DMPK
DMPK,3.56,7,KRSA,0.9153605015673981,4,AGC,DMPK,ROCK,ROCK1
DMPK,3.56,7,KRSA,0.9153605015673981,4,AGC,DMPK,ROCK,ROCK2
PAKA,3.465,9,KRSA,0.890282131661442,4,STE,STE20,PAKA,PAK1
PAKA,3.465,9,KRSA,0.890282131661442,4,STE,STE20,PAKA,PAK2
PAKA,3.465,9,KRSA,0.890282131661442,4,STE,STE20,PAKA,PAK3
P38,-3.6,6,KRSA,0.9278996865203761,4,CMGC,MAPK,P38,MAPK11
P38,-3.6,6,KRSA,0.9278996865203761,4,CMGC,MAPK,P38,MAPK12
P38,-3.6,6,KRSA,0.9278996865203761,4,CMGC,MAPK,P38,MAPK13
P38,-3.6,6,KRSA,0.9278996865203761,4,CMGC,MAPK,P38,MAPK14
RSK,3.51,8,KRSA,0.9028213166144201,4,AGC,RSK,RSK,RPS6KA1
RSK,3.51,8,KRSA,0.9028213166144201,4,AGC,RSK,RSK,RPS6KA2
RSK,3.51,8,KRSA,0.9028213166144201,4,AGC,RSK,RSK,RPS6KA3
RSK,3.51,8,KRSA,0.9028213166144201,4,AGC,RSK,MSK,RPS6KA4
RSK,3.51,8,KRSA,0.9028213166144201,4,AGC,RSK,MSK,RPS6KA5
RSK,3.51,8,KRSA,0.9028213166144201,4,AGC,RSK,RSK,RPS6KA6
RSK,3.51,8,KRSA,0.9028213166144201,4,AGC,RSK,P70,RPS6KB1
RSK,3.51,8,KRSA,0.9028213166144201,4,AGC,RSK,P70,RPS6KB2
PKG,3.2325,11,KRSA,0.8652037617554859,4,AGC,PKG,PKG,PRKG1
PKG,3.2325,11,KRSA,0.8652037617554859,4,AGC,PKG,PKG,PRKG2
PIM,3.28,10,KRSA,0.877742946708464,4,CAMK,PIM,PIM,PIM1
PIM,3.28,10,KRSA,0.877742946708464,4,CAMK,PIM,PIM,PIM2
PIM,3.28,10,KRSA,0.877742946708464,4,CAMK,PIM,PIM,PIM3
RAD53,2.7075,14,KRSA,0.8275862068965517,4,CAMK,RAD53,RAD53,CHEK2
PLK,-2.825,12,KRSA,0.8526645768025078,4,NA,NA,NA,PLK5
PLK,-2.825,12,KRSA,0.8526645768025078,4,OTHER,PLK,PLK1,PLK1
PLK,-2.825,12,KRSA,0.8526645768025078,4,OTHER,PLK,PLK2,PLK2
PLK,-2.825,12,KRSA,0.8526645768025078,4,OTHER,PLK,PLK2,PLK3
PLK,-2.825,12,KRSA,0.8526645768025078,4,OTHER,PLK,SAK,PLK4
CDK,-2.595,15,KRSA,0.8150470219435737,4,CMGC,CDK,CDC2,CDK1
CDK,-2.595,15,KRSA,0.8150470219435737,4,CMGC,CDK,CDK10,CDK10
CDK,-2.595,15,KRSA,0.8150470219435737,4,CMGC,CDK,CRK7,CDK12
CDK,-2.595,15,KRSA,0.8150470219435737,4,CMGC,CDK,CRK7,CDK13
CDK,-2.595,15,KRSA,0.8150470219435737,4,CMGC,CDK,PFTAIRE,CDK14
CDK,-2.595,15,KRSA,0.8150470219435737,4,CMGC,CDK,PFTAIRE,CDK15
CDK,-2.595,15,KRSA,0.8150470219435737,4,CMGC,CDK,PCTAIRE,CDK16
CDK,-2.595,15,KRSA,0.8150470219435737,4,CMGC,CDK,PCTAIRE,CDK17
CDK,-2.595,15,KRSA,0.8150470219435737,4,CMGC,CDK,PCTAIRE,CDK18
CDK,-2.595,15,KRSA,0.8150470219435737,4,CMGC,CDK,CDK8,CDK19
CDK,-2.595,15,KRSA,0.8150470219435737,4,CMGC,CDK,CDC2,CDK2
CDK,-2.595,15,KRSA,0.8150470219435737,4,CMGC,CDK,CCRK,CDK20
CDK,-2.595,15,KRSA,0.8150470219435737,4,CMGC,CDK,CDC2,CDK3
CDK,-2.595,15,KRSA,0.8150470219435737,4,CMGC,CDK,CDK4,CDK4
CDK,-2.595,15,KRSA,0.8150470219435737,4,CMGC,CDK,CDK5,CDK5
CDK,-2.595,15,KRSA,0.8150470219435737,4,CMGC,CDK,CDK4,CDK6
CDK,-2.595,15,KRSA,0.8150470219435737,4,CMGC,CDK,CDK7,CDK7
CDK,-2.595,15,KRSA,0.8150470219435737,4,CMGC,CDK,CDK8,CDK8
CDK,-2.595,15,KRSA,0.8150470219435737,4,CMGC,CDK,CDK9,CDK9
CDK,-2.595,15,KRSA,0.8150470219435737,4,NA,NA,NA,CDK11A
CDK,-2.595,15,KRSA,0.8150470219435737,4,NA,NA,NA,CDK11B
AKT,2.7475,13,KRSA,0.8401253918495298,4,AGC,AKT,AKT,AKT1
AKT,2.7475,13,KRSA,0.8401253918495298,4,AGC,AKT,AKT,AKT2
AKT,2.7475,13,KRSA,0.8401253918495298,4,AGC,AKT,AKT,AKT3
LKB,-2.5075000000000003,18,KRSA,0.7774294670846394,4,CAMK,CAMKL,LKB,STK11
STE7,-2.53,16,KRSA,0.8025078369905956,4,STE,STE7,MEK1,MAP2K1
STE7,-2.53,16,KRSA,0.8025078369905956,4,STE,STE7,MEK1,MAP2K2
STE7,-2.53,16,KRSA,0.8025078369905956,4,STE,STE7,MEK3,MAP2K3
STE7,-2.53,16,KRSA,0.8025078369905956,4,STE,STE7,MEK4,MAP2K4
STE7,-2.53,16,KRSA,0.8025078369905956,4,STE,STE7,MEK5,MAP2K5
STE7,-2.53,16,KRSA,0.8025078369905956,4,STE,STE7,MEK3,MAP2K6
STE7,-2.53,16,KRSA,0.8025078369905956,4,STE,STE7,MEK7,MAP2K7
PDK1,-2.525,17,KRSA,0.7899686520376176,4,ATYPICAL,PDHK,PDHK,PDK1
PDK1,-2.525,17,KRSA,0.7899686520376176,4,AGC,PDK1,PDK1,PDPK1
PKCA,2.39,20,KRSA,0.7523510971786834,4,AGC,PKC,ALPHA,PRKCA
PKCA,2.39,20,KRSA,0.7523510971786834,4,AGC,PKC,ALPHA,PRKCB
PKCA,2.39,20,KRSA,0.7523510971786834,4,AGC,PKC,ALPHA,PRKCG
STE11,-2.2275,21,KRSA,0.7398119122257053,3,TKL,MLK,TAK1,MAP3K7
STE11,-2.2275,21,KRSA,0.7398119122257053,3,STE,STE11,MEKK1,MAP3K1
STE11,-2.2275,21,KRSA,0.7398119122257053,3,STE,STE11,ASK,MAP3K15
STE11,-2.2275,21,KRSA,0.7398119122257053,3,STE,STE11,MEKK2,MAP3K2
STE11,-2.2275,21,KRSA,0.7398119122257053,3,STE,STE11,MEKK2,MAP3K3
STE11,-2.2275,21,KRSA,0.7398119122257053,3,STE,STE11,MEKK4,MAP3K4
STE11,-2.2275,21,KRSA,0.7398119122257053,3,STE,STE11,ASK,MAP3K5
STE11,-2.2275,21,KRSA,0.7398119122257053,3,STE,STE11,ASK,MAP3K6
PKD,2.4025,19,KRSA,0.7648902821316614,4,CAMK,PKD,PKD,PRKD1
PKD,2.4025,19,KRSA,0.7648902821316614,4,CAMK,PKD,PKD,PRKD2
PKD,2.4025,19,KRSA,0.7648902821316614,4,CAMK,PKD,PKD,PRKD3
PKCH,2.06,22,KRSA,0.7272727272727273,3,AGC,PKC,ETA,PRKCE
PKCH,2.06,22,KRSA,0.7272727272727273,3,AGC,PKC,ETA,PRKCH
PHK,2.04,23,KRSA,0.7147335423197492,3,CAMK,PHK,PHK,PHKG1
PHK,2.04,23,KRSA,0.7147335423197492,3,CAMK,PHK,PHK,PHKG2
SGK,1.79,31,KRSA,0.6144200626959248,3,AGC,SGK,SGK,SGK1
SGK,1.79,31,KRSA,0.6144200626959248,3,AGC,SGK,SGK,SGK2
SGK,1.79,31,KRSA,0.6144200626959248,3,AGC,SGK,SGK,SGK3
PKCI,1.84,28,KRSA,0.6520376175548589,3,AGC,PKC,IOTA,PRKCI
PKCI,1.84,28,KRSA,0.6520376175548589,3,AGC,PKC,IOTA,PRKCZ
STKR,-1.8075,29,KRSA,0.6394984326018809,3,TKL,STKR,TYPE1,ACVR1
STKR,-1.8075,29,KRSA,0.6394984326018809,3,TKL,STKR,TYPE1,ACVR1B
STKR,-1.8075,29,KRSA,0.6394984326018809,3,TKL,STKR,TYPE1,ACVR1C
STKR,-1.8075,29,KRSA,0.6394984326018809,3,TKL,STKR,TYPE2,ACVR2A
STKR,-1.8075,29,KRSA,0.6394984326018809,3,TKL,STKR,TYPE2,ACVR2B
STKR,-1.8075,29,KRSA,0.6394984326018809,3,TKL,STKR,TYPE1,ACVRL1
STKR,-1.8075,29,KRSA,0.6394984326018809,3,TKL,STKR,TYPE2,AMHR2
STKR,-1.8075,29,KRSA,0.6394984326018809,3,TKL,STKR,TYPE1,BMPR1A
STKR,-1.8075,29,KRSA,0.6394984326018809,3,TKL,STKR,TYPE1,BMPR1B
STKR,-1.8075,29,KRSA,0.6394984326018809,3,TKL,STKR,TYPE2,BMPR2
STKR,-1.8075,29,KRSA,0.6394984326018809,3,TKL,STKR,TYPE1,TGFBR1
STKR,-1.8075,29,KRSA,0.6394984326018809,3,TKL,STKR,TYPE2,TGFBR2
NAK,-1.795,30,KRSA,0.6269592476489029,3,OTHER,NAK,BIKE,AAK1
NAK,-1.795,30,KRSA,0.6269592476489029,3,OTHER,NAK,BIKE,BMP2K
NAK,-1.795,30,KRSA,0.6269592476489029,3,OTHER,NAK,GAK,GAK
NAK,-1.795,30,KRSA,0.6269592476489029,3,OTHER,NAK,MPSK,STK16
TLK,-1.78,32,KRSA,0.6018808777429467,3,OTHER,TLK,TLK,TLK1
TLK,-1.78,32,KRSA,0.6018808777429467,3,OTHER,TLK,TLK,TLK2
NUAK,-1.755,34,KRSA,0.5768025078369906,3,CAMK,CAMKL,NUAK,NUAK1
NUAK,-1.755,34,KRSA,0.5768025078369906,3,CAMK,CAMKL,NUAK,NUAK2
MAPKAPK,1.735,35,KRSA,0.5642633228840125,3,CAMK,MAPKAPK,MAPKAPK,MAPKAPK2
MAPKAPK,1.735,35,KRSA,0.5642633228840125,3,CAMK,MAPKAPK,MAPKAPK,MAPKAPK3
MAPKAPK,1.735,35,KRSA,0.5642633228840125,3,CAMK,MAPKAPK,MAPKAPK,MAPKAPK5
MAPKAPK,1.735,35,KRSA,0.5642633228840125,3,CAMK,MAPKAPK,MNK,MKNK1
MAPKAPK,1.735,35,KRSA,0.5642633228840125,3,CAMK,MAPKAPK,MNK,MKNK2
TTK,-1.7675,33,KRSA,0.5893416927899686,3,OTHER,TTK,TTK,TTK
PDHK,1.8775,26,KRSA,0.677115987460815,3,ATYPICAL,PDHK,BCKDK,BCKDK
PDHK,1.8775,26,KRSA,0.677115987460815,3,ATYPICAL,PDHK,PDHK,PDK2
PDHK,1.8775,26,KRSA,0.677115987460815,3,ATYPICAL,PDHK,PDHK,PDK3
PDHK,1.8775,26,KRSA,0.677115987460815,3,ATYPICAL,PDHK,PDHK,PDK4
AMPK,1.93,25,KRSA,0.6896551724137931,3,CAMK,CAMKL,AMPK,PRKAA1
AMPK,1.93,25,KRSA,0.6896551724137931,3,CAMK,CAMKL,AMPK,PRKAA2
MST,-1.5325,37,KRSA,0.5391849529780565,3,STE,STE20,MST,STK3
MST,-1.5325,37,KRSA,0.5391849529780565,3,STE,STE20,MST,STK4
PKCD,1.8525,27,KRSA,0.664576802507837,3,AGC,PKC,DELTA,PRKCD
PKCD,1.8525,27,KRSA,0.664576802507837,3,AGC,PKC,DELTA,PRKCQ
PRKDC,-2.025,24,KRSA,0.7021943573667712,3,ATYPICAL,PIKK,DNAPK,PRKDC
IRAK,-1.54,36,KRSA,0.5517241379310345,3,TKL,IRAK,IRAK,IRAK1
IRAK,-1.54,36,KRSA,0.5517241379310345,3,TKL,IRAK,IRAK,IRAK2
IRAK,-1.54,36,KRSA,0.5517241379310345,3,TKL,IRAK,IRAK,IRAK3
IRAK,-1.54,36,KRSA,0.5517241379310345,3,TKL,IRAK,IRAK,IRAK4
ATM,-1.475,39,KRSA,0.5141065830721003,3,ATYPICAL,PIKK,ATM,ATM
GRK,-1.3825,40,KRSA,0.5015673981191222,3,AGC,GRK,GRK,GRK1
GRK,-1.3825,40,KRSA,0.5015673981191222,3,AGC,GRK,GRK,GRK4
GRK,-1.3825,40,KRSA,0.5015673981191222,3,AGC,GRK,GRK,GRK5
GRK,-1.3825,40,KRSA,0.5015673981191222,3,AGC,GRK,GRK,GRK6
GRK,-1.3825,40,KRSA,0.5015673981191222,3,AGC,GRK,GRK,GRK7
CK2,-1.3775,41,KRSA,0.4890282131661442,2,CMGC,CK2,CK2,CSNK2A1
CK2,-1.3775,41,KRSA,0.4890282131661442,2,CMGC,CK2,CK2,CSNK2A2
CK2,-1.3775,41,KRSA,0.4890282131661442,2,NA,NA,NA,CSNK2A3
CK1,-1.225,48,KRSA,0.3510971786833856,2,CK1,CK1,CK1-A,CSNK1A1
CK1,-1.225,48,KRSA,0.3510971786833856,2,CK1,CK1,CK1-A,CSNK1A1L
CK1,-1.225,48,KRSA,0.3510971786833856,2,CK1,CK1,CK1-D,CSNK1D
CK1,-1.225,48,KRSA,0.3510971786833856,2,CK1,CK1,CK1-D,CSNK1E
CK1,-1.225,48,KRSA,0.3510971786833856,2,CK1,CK1,CK1-G,CSNK1G1
CK1,-1.225,48,KRSA,0.3510971786833856,2,CK1,CK1,CK1-G,CSNK1G2
CK1,-1.225,48,KRSA,0.3510971786833856,2,CK1,CK1,CK1-G,CSNK1G3
CK1,-1.225,48,KRSA,0.3510971786833856,2,CK1,TTBK,TTBK,TTBK1
CK1,-1.225,48,KRSA,0.3510971786833856,2,CK1,TTBK,TTBK,TTBK2
CK1,-1.225,48,KRSA,0.3510971786833856,2,CK1,VRK,VRK,VRK3
MELK,1.2225,49,KRSA,0.3385579937304075,2,CAMK,CAMKL,MELK,MELK
AUR,1.5174999999999998,38,KRSA,0.5266457680250783,3,OTHER,AUR,AUR,AURKA
AUR,1.5174999999999998,38,KRSA,0.5266457680250783,3,OTHER,AUR,AUR,AURKB
AUR,1.5174999999999998,38,KRSA,0.5266457680250783,3,OTHER,AUR,AUR,AURKC
BUD32,-1.2675,44,KRSA,0.45141065830721006,2,OTHER,BUD32,BUD32,TP53RK
SLK,-1.2475,46,KRSA,0.41379310344827586,2,STE,STE20,SLK,SLK
SLK,-1.2475,46,KRSA,0.41379310344827586,2,STE,STE20,SLK,STK10
CLK,-1.25,45,KRSA,0.4263322884012539,2,CMGC,CLK,CLK,CLK1
CLK,-1.25,45,KRSA,0.4263322884012539,2,CMGC,CLK,CLK,CLK2
CLK,-1.25,45,KRSA,0.4263322884012539,2,CMGC,CLK,CLK,CLK3
CLK,-1.25,45,KRSA,0.4263322884012539,2,CMGC,CLK,CLK,CLK4
CAMK1,1.2325,47,KRSA,0.3761755485893417,2,CAMK,CAMK1,CAMK1,CAMK1
CAMK1,1.2325,47,KRSA,0.3761755485893417,2,CAMK,CAMK1,CAMK1,CAMK1D
CAMK1,1.2325,47,KRSA,0.3761755485893417,2,CAMK,CAMK1,CAMK1,CAMK1G
CAMK1,1.2325,47,KRSA,0.3761755485893417,2,CAMK,CAMK1,CAMK1,CAMK4
CAMK1,1.2325,47,KRSA,0.3761755485893417,2,CAMK,CAMK1,CAMK1,PNCK
ULK,-1.2325,47,KRSA,0.3761755485893417,2,OTHER,ULK,FUSED,STK36
ULK,-1.2325,47,KRSA,0.3761755485893417,2,OTHER,ULK,ULK,ULK1
ULK,-1.2325,47,KRSA,0.3761755485893417,2,OTHER,ULK,ULK,ULK2
ULK,-1.2325,47,KRSA,0.3761755485893417,2,OTHER,ULK,ULK,ULK3
ULK,-1.2325,47,KRSA,0.3761755485893417,2,OTHER,ULK,ULK,ULK4
CAMKK,-1.25,45,KRSA,0.4263322884012539,2,OTHER,CAMKK,META,CAMKK1
CAMKK,-1.25,45,KRSA,0.4263322884012539,2,OTHER,CAMKK,META,CAMKK2
MOS,-1.2325,47,KRSA,0.3761755485893417,2,OTHER,MOS,MOS,MOS
NIK,-1.225,48,KRSA,0.3510971786833856,2,STE,STE-UNIQUE,STE-UNIQUE,MAP3K14
RIPK,1.3525,42,KRSA,0.47648902821316613,2,TKL,RIPK,RIPK,ANKK1
RIPK,1.3525,42,KRSA,0.47648902821316613,2,TKL,RIPK,RIPK,RIPK1
RIPK,1.3525,42,KRSA,0.47648902821316613,2,TKL,RIPK,RIPK,RIPK2
RIPK,1.3525,42,KRSA,0.47648902821316613,2,TKL,RIPK,RIPK,RIPK3
RIPK,1.3525,42,KRSA,0.47648902821316613,2,TKL,RIPK,RIPK,RIPK4
PKN,0.8275,55,KRSA,0.2507836990595611,2,AGC,PKN,PKN,PKN1
PKN,0.8275,55,KRSA,0.2507836990595611,2,AGC,PKN,PKN,PKN2
PKN,0.8275,55,KRSA,0.2507836990595611,2,AGC,PKN,PKN,PKN3
GSK,-0.94,53,KRSA,0.2884012539184953,2,CMGC,GSK,GSK,GSK3A
GSK,-0.94,53,KRSA,0.2884012539184953,2,CMGC,GSK,GSK,GSK3B
VRK1,-0.96,52,KRSA,0.30094043887147337,2,CK1,VRK,VRK,VRK1
HAL,1.14,50,KRSA,0.32601880877742945,2,RGC,RGC,RGC,NPR1
PAKB,0.765,59,KRSA,0.18808777429467086,1,STE,STE20,PAKB,PAK4
PAKB,0.765,59,KRSA,0.18808777429467086,1,STE,STE20,PAKB,PAK5
PAKB,0.765,59,KRSA,0.18808777429467086,1,STE,STE20,PAKB,PAK6
DAPK,0.8,58,KRSA,0.2006269592476489,1,CAMK,DAPK,DAPK,DAPK1
DAPK,0.8,58,KRSA,0.2006269592476489,1,CAMK,DAPK,DAPK,DAPK2
DAPK,0.8,58,KRSA,0.2006269592476489,1,CAMK,DAPK,DAPK,DAPK3
DAPK,0.8,58,KRSA,0.2006269592476489,1,CAMK,DAPK,DRAK,STK17A
DAPK,0.8,58,KRSA,0.2006269592476489,1,CAMK,DAPK,DRAK,STK17B
PEK,-0.6025,63,KRSA,0.13793103448275862,1,OTHER,PEK,HRI,EIF2AK1
PEK,-0.6025,63,KRSA,0.13793103448275862,1,OTHER,PEK,PKR,EIF2AK2
PEK,-0.6025,63,KRSA,0.13793103448275862,1,OTHER,PEK,PEK,EIF2AK3
PEK,-0.6025,63,KRSA,0.13793103448275862,1,OTHER,PEK,GCN2,EIF2AK4
MTOR,-1.305,43,KRSA,0.46394984326018807,2,ATYPICAL,PIKK,FRAP,MTOR
PASK,0.8275,55,KRSA,0.2507836990595611,2,CAMK,CAMKL,PASK,PASK
BRSK,0.32,69,KRSA,0.06269592476489028,1,CAMK,CAMKL,BRSK,BRSK1
BRSK,0.32,69,KRSA,0.06269592476489028,1,CAMK,CAMKL,BRSK,BRSK2
MLCK,0.9,54,KRSA,0.27586206896551724,2,CAMK,MLCK,MLCK,MYLK
MLCK,0.9,54,KRSA,0.27586206896551724,2,CAMK,MLCK,MLCK,MYLK2
MLCK,0.9,54,KRSA,0.27586206896551724,2,CAMK,MLCK,MLCK,TTN
KHS,0.8125,57,KRSA,0.21316614420062696,1,STE,STE20,KHS,MAP4K1
KHS,0.8125,57,KRSA,0.21316614420062696,1,STE,STE20,KHS,MAP4K2
KHS,0.8125,57,KRSA,0.21316614420062696,1,STE,STE20,KHS,MAP4K3
KHS,0.8125,57,KRSA,0.21316614420062696,1,STE,STE20,KHS,MAP4K5
WNK,0.8200000000000001,56,KRSA,0.23824451410658307,1,OTHER,WNK,WNK,WNK1
WNK,0.8200000000000001,56,KRSA,0.23824451410658307,1,OTHER,WNK,WNK,WNK2
WNK,0.8200000000000001,56,KRSA,0.23824451410658307,1,OTHER,WNK,WNK,WNK3
WNK,0.8200000000000001,56,KRSA,0.23824451410658307,1,OTHER,WNK,WNK,WNK4
TAO,0.8125,57,KRSA,0.21316614420062696,1,STE,STE20,TAO,TAOK1
TAO,0.8125,57,KRSA,0.21316614420062696,1,STE,STE20,TAO,TAOK2
TAO,0.8125,57,KRSA,0.21316614420062696,1,STE,STE20,TAO,TAOK3
NDR,0.6575,62,KRSA,0.15047021943573669,1,AGC,NDR,NDR,LATS1
NDR,0.6575,62,KRSA,0.15047021943573669,1,AGC,NDR,NDR,LATS2
NDR,0.6575,62,KRSA,0.15047021943573669,1,AGC,NDR,NDR,STK38
NDR,0.6575,62,KRSA,0.15047021943573669,1,AGC,NDR,NDR,STK38L
ATR,-1.1125,51,KRSA,0.31347962382445144,2,ATYPICAL,PIKK,ATR,ATR
IKK,-0.3775,65,KRSA,0.11285266457680251,1,OTHER,IKK,IKK,CHUK
IKK,-0.3775,65,KRSA,0.11285266457680251,1,OTHER,IKK,IKK,IKBKB
IKK,-0.3775,65,KRSA,0.11285266457680251,1,OTHER,IKK,IKK,IKBKE
IKK,-0.3775,65,KRSA,0.11285266457680251,1,OTHER,IKK,IKK,TBK1
MSN,0.34,67,KRSA,0.0877742946708464,1,STE,STE20,MSN,MAP4K4
MSN,0.34,67,KRSA,0.0877742946708464,1,STE,STE20,MSN,NRK
MSN,0.34,67,KRSA,0.0877742946708464,1,STE,STE20,MSN,TNIK
RAF,-0.6725,61,KRSA,0.16300940438871472,1,TKL,RAF,RAF,ARAF
RAF,-0.6725,61,KRSA,0.16300940438871472,1,TKL,RAF,RAF,BRAF
RAF,-0.6725,61,KRSA,0.16300940438871472,1,TKL,RAF,KSR,KSR1
RAF,-0.6725,61,KRSA,0.16300940438871472,1,TKL,RAF,KSR,KSR2
RAF,-0.6725,61,KRSA,0.16300940438871472,1,TKL,RAF,RAF,RAF1
CAMK2,-0.2775,70,KRSA,0.050156739811912224,1,CAMK,CAMK2,CAMK2,CAMK2A
CAMK2,-0.2775,70,KRSA,0.050156739811912224,1,CAMK,CAMK2,CAMK2,CAMK2B
CAMK2,-0.2775,70,KRSA,0.050156739811912224,1,CAMK,CAMK2,CAMK2,CAMK2D
CAMK2,-0.2775,70,KRSA,0.050156739811912224,1,CAMK,CAMK2,CAMK2,CAMK2G
MLK,0.3275,68,KRSA,0.07523510971786834,1,TKL,MLK,ILK,ILK
MLK,0.3275,68,KRSA,0.07523510971786834,1,TKL,MLK,MLK,MAP3K10
MLK,0.3275,68,KRSA,0.07523510971786834,1,TKL,MLK,MLK,MAP3K11
MLK,0.3275,68,KRSA,0.07523510971786834,1,TKL,MLK,LZK,MAP3K12
MLK,0.3275,68,KRSA,0.07523510971786834,1,TKL,MLK,LZK,MAP3K13
MLK,0.3275,68,KRSA,0.07523510971786834,1,TKL,MLK,MLK,MAP3K9
MLK,0.3275,68,KRSA,0.07523510971786834,1,TKL,MLK,HH498,TNNI3K
COT,-0.2725,71,KRSA,0.03761755485893417,1,STE,STE-UNIQUE,STE-UNIQUE,MAP3K8
FRAY,0.1875,73,KRSA,0.012539184952978056,1,STE,STE20,FRAY,OXSR1
FRAY,0.1875,73,KRSA,0.012539184952978056,1,STE,STE20,FRAY,STK39
CHK1,-0.355,66,KRSA,0.10031347962382445,1,CAMK,CAMKL,CHK1,CHEK1
QIK,0.03500000000000001,74,KRSA,0,1,CAMK,CAMKL,QIK,SIK1
QIK,0.03500000000000001,74,KRSA,0,1,CAMK,CAMKL,QIK,SIK2
NEK,-0.195,72,KRSA,0.025078369905956112,1,OTHER,NEK,NEK11,NEK11
NEK,-0.195,72,KRSA,0.025078369905956112,1,OTHER,NEK,NEK2,NEK2
NEK,-0.195,72,KRSA,0.025078369905956112,1,OTHER,NEK,NEK1,NEK3
NEK,-0.195,72,KRSA,0.025078369905956112,1,OTHER,NEK,NEK4,NEK4
NEK,-0.195,72,KRSA,0.025078369905956112,1,OTHER,NEK,NEK1,NEK5
NEK,-0.195,72,KRSA,0.025078369905956112,1,OTHER,NEK,NEK6,NEK6
NEK,-0.195,72,KRSA,0.025078369905956112,1,OTHER,NEK,NEK6,NEK7
NEK,-0.195,72,KRSA,0.025078369905956112,1,OTHER,NEK,NEK8,NEK8
NEK,-0.195,72,KRSA,0.025078369905956112,1,OTHER,NEK,NEK8,NEK9
BARK2,-0.3925,64,KRSA,0.12539184952978055,1,AGC,GRK,BARK,GRK3
DYRK,-4.605,1,KRSA,0.9905956112852664,4,CMGC,DYRK,DYRK1,DYRK1A
DYRK,-4.605,1,KRSA,0.9905956112852664,4,CMGC,DYRK,DYRK1,DYRK1B
DYRK,-4.605,1,KRSA,0.9905956112852664,4,CMGC,DYRK,DYRK2,DYRK2
DYRK,-4.605,1,KRSA,0.9905956112852664,4,CMGC,DYRK,DYRK2,DYRK3
DYRK,-4.605,1,KRSA,0.9905956112852664,4,CMGC,DYRK,DYRK2,DYRK4
DYRK,-4.605,1,KRSA,0.9905956112852664,4,CMGC,DYRK,HIPK,HIPK1
DYRK,-4.605,1,KRSA,0.9905956112852664,4,CMGC,DYRK,HIPK,HIPK2
DYRK,-4.605,1,KRSA,0.9905956112852664,4,CMGC,DYRK,HIPK,HIPK3
DYRK,-4.605,1,KRSA,0.9905956112852664,4,CMGC,DYRK,HIPK,HIPK4
DYRK,-4.605,1,KRSA,0.9905956112852664,4,CMGC,DYRK,PRP4,PRPF4B
PKA,4.2075,2,KRSA,0.9780564263322884,4,AGC,PKA,PKA,PRKACA
PKA,4.2075,2,KRSA,0.9780564263322884,4,AGC,PKA,PKA,PRKACB
PKA,4.2075,2,KRSA,0.9780564263322884,4,AGC,PKA,PKA,PRKACG
PKA,4.2075,2,KRSA,0.9780564263322884,4,AGC,PKA,PKA,PRKX
PKA,4.2075,2,KRSA,0.9780564263322884,4,AGC,PKA,PKA,PRKY
JNK,-3.93,4,KRSA,0.9529780564263323,4,CMGC,MAPK,JNK,MAPK10
JNK,-3.93,4,KRSA,0.9529780564263323,4,CMGC,MAPK,JNK,MAPK8
JNK,-3.93,4,KRSA,0.9529780564263323,4,CMGC,MAPK,JNK,MAPK9
ERK,-4.0024999999999995,3,KRSA,0.9655172413793104,4,CMGC,MAPK,ERK1,MAPK1
ERK,-4.0024999999999995,3,KRSA,0.9655172413793104,4,CMGC,MAPK,ERK7,MAPK15
ERK,-4.0024999999999995,3,KRSA,0.9655172413793104,4,CMGC,MAPK,ERK1,MAPK3
ERK,-4.0024999999999995,3,KRSA,0.9655172413793104,4,CMGC,MAPK,ERK3,MAPK4
ERK,-4.0024999999999995,3,KRSA,0.9655172413793104,4,CMGC,MAPK,ERK3,MAPK6
ERK,-4.0024999999999995,3,KRSA,0.9655172413793104,4,CMGC,MAPK,ERK5,MAPK7
NMO,-3.6175,5,KRSA,0.9404388714733543,4,CMGC,MAPK,NMO,NLK
DMPK,3.56,7,KRSA,0.9153605015673981,4,AGC,DMPK,GEK,CDC42BPA
DMPK,3.56,7,KRSA,0.9153605015673981,4,AGC,DMPK,GEK,CDC42BPB
DMPK,3.56,7,KRSA,0.9153605015673981,4,AGC,DMPK,GEK,CDC42BPG
DMPK,3.56,7,KRSA,0.9153605015673981,4,AGC,DMPK,CRIK,CIT
DMPK,3.56,7,KRSA,0.9153605015673981,4,AGC,DMPK,GEK,DMPK
DMPK,3.56,7,KRSA,0.9153605015673981,4,AGC,DMPK,ROCK,ROCK1
DMPK,3.56,7,KRSA,0.9153605015673981,4,AGC,DMPK,ROCK,ROCK2
PAKA,3.465,9,KRSA,0.890282131661442,4,STE,STE20,PAKA,PAK1
PAKA,3.465,9,KRSA,0.890282131661442,4,STE,STE20,PAKA,PAK2
PAKA,3.465,9,KRSA,0.890282131661442,4,STE,STE20,PAKA,PAK3
P38,-3.6,6,KRSA,0.9278996865203761,4,CMGC,MAPK,P38,MAPK11
P38,-3.6,6,KRSA,0.9278996865203761,4,CMGC,MAPK,P38,MAPK12
P38,-3.6,6,KRSA,0.9278996865203761,4,CMGC,MAPK,P38,MAPK13
P38,-3.6,6,KRSA,0.9278996865203761,4,CMGC,MAPK,P38,MAPK14
RSK,3.51,8,KRSA,0.9028213166144201,4,AGC,RSK,RSK,RPS6KA1
RSK,3.51,8,KRSA,0.9028213166144201,4,AGC,RSK,RSK,RPS6KA2
RSK,3.51,8,KRSA,0.9028213166144201,4,AGC,RSK,RSK,RPS6KA3
RSK,3.51,8,KRSA,0.9028213166144201,4,AGC,RSK,MSK,RPS6KA4
RSK,3.51,8,KRSA,0.9028213166144201,4,AGC,RSK,MSK,RPS6KA5
RSK,3.51,8,KRSA,0.9028213166144201,4,AGC,RSK,RSK,RPS6KA6
RSK,3.51,8,KRSA,0.9028213166144201,4,AGC,RSK,P70,RPS6KB1
RSK,3.51,8,KRSA,0.9028213166144201,4,AGC,RSK,P70,RPS6KB2
PKG,3.2325,11,KRSA,0.8652037617554859,4,AGC,PKG,PKG,PRKG1
PKG,3.2325,11,KRSA,0.8652037617554859,4,AGC,PKG,PKG,PRKG2
PIM,3.28,10,KRSA,0.877742946708464,4,CAMK,PIM,PIM,PIM1
PIM,3.28,10,KRSA,0.877742946708464,4,CAMK,PIM,PIM,PIM2
PIM,3.28,10,KRSA,0.877742946708464,4,CAMK,PIM,PIM,PIM3
RAD53,2.7075,14,KRSA,0.8275862068965517,4,CAMK,RAD53,RAD53,CHEK2
PLK,-2.825,12,KRSA,0.8526645768025078,4,NA,NA,NA,PLK5
PLK,-2.825,12,KRSA,0.8526645768025078,4,OTHER,PLK,PLK1,PLK1
PLK,-2.825,12,KRSA,0.8526645768025078,4,OTHER,PLK,PLK2,PLK2
PLK,-2.825,12,KRSA,0.8526645768025078,4,OTHER,PLK,PLK2,PLK3
PLK,-2.825,12,KRSA,0.8526645768025078,4,OTHER,PLK,SAK,PLK4
CDK,-2.595,15,KRSA,0.8150470219435737,4,CMGC,CDK,CDC2,CDK1
CDK,-2.595,15,KRSA,0.8150470219435737,4,CMGC,CDK,CDK10,CDK10
CDK,-2.595,15,KRSA,0.8150470219435737,4,CMGC,CDK,CRK7,CDK12
CDK,-2.595,15,KRSA,0.8150470219435737,4,CMGC,CDK,CRK7,CDK13
CDK,-2.595,15,KRSA,0.8150470219435737,4,CMGC,CDK,PFTAIRE,CDK14
CDK,-2.595,15,KRSA,0.8150470219435737,4,CMGC,CDK,PFTAIRE,CDK15
CDK,-2.595,15,KRSA,0.8150470219435737,4,CMGC,CDK,PCTAIRE,CDK16
CDK,-2.595,15,KRSA,0.8150470219435737,4,CMGC,CDK,PCTAIRE,CDK17
CDK,-2.595,15,KRSA,0.8150470219435737,4,CMGC,CDK,PCTAIRE,CDK18
CDK,-2.595,15,KRSA,0.8150470219435737,4,CMGC,CDK,CDK8,CDK19
CDK,-2.595,15,KRSA,0.8150470219435737,4,CMGC,CDK,CDC2,CDK2
CDK,-2.595,15,KRSA,0.8150470219435737,4,CMGC,CDK,CCRK,CDK20
CDK,-2.595,15,KRSA,0.8150470219435737,4,CMGC,CDK,CDC2,CDK3
CDK,-2.595,15,KRSA,0.8150470219435737,4,CMGC,CDK,CDK4,CDK4
CDK,-2.595,15,KRSA,0.8150470219435737,4,CMGC,CDK,CDK5,CDK5
CDK,-2.595,15,KRSA,0.8150470219435737,4,CMGC,CDK,CDK4,CDK6
CDK,-2.595,15,KRSA,0.8150470219435737,4,CMGC,CDK,CDK7,CDK7
CDK,-2.595,15,KRSA,0.8150470219435737,4,CMGC,CDK,CDK8,CDK8
CDK,-2.595,15,KRSA,0.8150470219435737,4,CMGC,CDK,CDK9,CDK9
CDK,-2.595,15,KRSA,0.8150470219435737,4,NA,NA,NA,CDK11A
CDK,-2.595,15,KRSA,0.8150470219435737,4,NA,NA,NA,CDK11B
AKT,2.7475,13,KRSA,0.8401253918495298,4,AGC,AKT,AKT,AKT1
AKT,2.7475,13,KRSA,0.8401253918495298,4,AGC,AKT,AKT,AKT2
AKT,2.7475,13,KRSA,0.8401253918495298,4,AGC,AKT,AKT,AKT3
LKB,-2.5075000000000003,18,KRSA,0.7774294670846394,4,CAMK,CAMKL,LKB,STK11
STE7,-2.53,16,KRSA,0.8025078369905956,4,STE,STE7,MEK1,MAP2K1
STE7,-2.53,16,KRSA,0.8025078369905956,4,STE,STE7,MEK1,MAP2K2
STE7,-2.53,16,KRSA,0.8025078369905956,4,STE,STE7,MEK3,MAP2K3
STE7,-2.53,16,KRSA,0.8025078369905956,4,STE,STE7,MEK4,MAP2K4
STE7,-2.53,16,KRSA,0.8025078369905956,4,STE,STE7,MEK5,MAP2K5
STE7,-2.53,16,KRSA,0.8025078369905956,4,STE,STE7,MEK3,MAP2K6
STE7,-2.53,16,KRSA,0.8025078369905956,4,STE,STE7,MEK7,MAP2K7
PDK1,-2.525,17,KRSA,0.7899686520376176,4,ATYPICAL,PDHK,PDHK,PDK1
PDK1,-2.525,17,KRSA,0.7899686520376176,4,AGC,PDK1,PDK1,PDPK1
PKCA,2.39,20,KRSA,0.7523510971786834,4,AGC,PKC,ALPHA,PRKCA
PKCA,2.39,20,KRSA,0.7523510971786834,4,AGC,PKC,ALPHA,PRKCB
PKCA,2.39,20,KRSA,0.7523510971786834,4,AGC,PKC,ALPHA,PRKCG
STE11,-2.2275,21,KRSA,0.7398119122257053,3,TKL,MLK,TAK1,MAP3K7
STE11,-2.2275,21,KRSA,0.7398119122257053,3,STE,STE11,MEKK1,MAP3K1
STE11,-2.2275,21,KRSA,0.7398119122257053,3,STE,STE11,ASK,MAP3K15
STE11,-2.2275,21,KRSA,0.7398119122257053,3,STE,STE11,MEKK2,MAP3K2
STE11,-2.2275,21,KRSA,0.7398119122257053,3,STE,STE11,MEKK2,MAP3K3
STE11,-2.2275,21,KRSA,0.7398119122257053,3,STE,STE11,MEKK4,MAP3K4
STE11,-2.2275,21,KRSA,0.7398119122257053,3,STE,STE11,ASK,MAP3K5
STE11,-2.2275,21,KRSA,0.7398119122257053,3,STE,STE11,ASK,MAP3K6
PKD,2.4025,19,KRSA,0.7648902821316614,4,CAMK,PKD,PKD,PRKD1
PKD,2.4025,19,KRSA,0.7648902821316614,4,CAMK,PKD,PKD,PRKD2
PKD,2.4025,19,KRSA,0.7648902821316614,4,CAMK,PKD,PKD,PRKD3
PKCH,2.06,22,KRSA,0.7272727272727273,3,AGC,PKC,ETA,PRKCE
PKCH,2.06,22,KRSA,0.7272727272727273,3,AGC,PKC,ETA,PRKCH
PHK,2.04,23,KRSA,0.7147335423197492,3,CAMK,PHK,PHK,PHKG1
PHK,2.04,23,KRSA,0.7147335423197492,3,CAMK,PHK,PHK,PHKG2
SGK,1.79,31,KRSA,0.6144200626959248,3,AGC,SGK,SGK,SGK1
SGK,1.79,31,KRSA,0.6144200626959248,3,AGC,SGK,SGK,SGK2
SGK,1.79,31,KRSA,0.6144200626959248,3,AGC,SGK,SGK,SGK3
PKCI,1.84,28,KRSA,0.6520376175548589,3,AGC,PKC,IOTA,PRKCI
PKCI,1.84,28,KRSA,0.6520376175548589,3,AGC,PKC,IOTA,PRKCZ
STKR,-1.8075,29,KRSA,0.6394984326018809,3,TKL,STKR,TYPE1,ACVR1
STKR,-1.8075,29,KRSA,0.6394984326018809,3,TKL,STKR,TYPE1,ACVR1B
STKR,-1.8075,29,KRSA,0.6394984326018809,3,TKL,STKR,TYPE1,ACVR1C
STKR,-1.8075,29,KRSA,0.6394984326018809,3,TKL,STKR,TYPE2,ACVR2A
STKR,-1.8075,29,KRSA,0.6394984326018809,3,TKL,STKR,TYPE2,ACVR2B
STKR,-1.8075,29,KRSA,0.6394984326018809,3,TKL,STKR,TYPE1,ACVRL1
STKR,-1.8075,29,KRSA,0.6394984326018809,3,TKL,STKR,TYPE2,AMHR2
STKR,-1.8075,29,KRSA,0.6394984326018809,3,TKL,STKR,TYPE1,BMPR1A
STKR,-1.8075,29,KRSA,0.6394984326018809,3,TKL,STKR,TYPE1,BMPR1B
STKR,-1.8075,29,KRSA,0.6394984326018809,3,TKL,STKR,TYPE2,BMPR2
STKR,-1.8075,29,KRSA,0.6394984326018809,3,TKL,STKR,TYPE1,TGFBR1
STKR,-1.8075,29,KRSA,0.6394984326018809,3,TKL,STKR,TYPE2,TGFBR2
NAK,-1.795,30,KRSA,0.6269592476489029,3,OTHER,NAK,BIKE,AAK1
NAK,-1.795,30,KRSA,0.6269592476489029,3,OTHER,NAK,BIKE,BMP2K
NAK,-1.795,30,KRSA,0.6269592476489029,3,OTHER,NAK,GAK,GAK
NAK,-1.795,30,KRSA,0.6269592476489029,3,OTHER,NAK,MPSK,STK16
TLK,-1.78,32,KRSA,0.6018808777429467,3,OTHER,TLK,TLK,TLK1
TLK,-1.78,32,KRSA,0.6018808777429467,3,OTHER,TLK,TLK,TLK2
NUAK,-1.755,34,KRSA,0.5768025078369906,3,CAMK,CAMKL,NUAK,NUAK1
NUAK,-1.755,34,KRSA,0.5768025078369906,3,CAMK,CAMKL,NUAK,NUAK2
MAPKAPK,1.735,35,KRSA,0.5642633228840125,3,CAMK,MAPKAPK,MAPKAPK,MAPKAPK2
MAPKAPK,1.735,35,KRSA,0.5642633228840125,3,CAMK,MAPKAPK,MAPKAPK,MAPKAPK3
MAPKAPK,1.735,35,KRSA,0.5642633228840125,3,CAMK,MAPKAPK,MAPKAPK,MAPKAPK5
MAPKAPK,1.735,35,KRSA,0.5642633228840125,3,CAMK,MAPKAPK,MNK,MKNK1
MAPKAPK,1.735,35,KRSA,0.5642633228840125,3,CAMK,MAPKAPK,MNK,MKNK2
TTK,-1.7675,33,KRSA,0.5893416927899686,3,OTHER,TTK,TTK,TTK
PDHK,1.8775,26,KRSA,0.677115987460815,3,ATYPICAL,PDHK,BCKDK,BCKDK
PDHK,1.8775,26,KRSA,0.677115987460815,3,ATYPICAL,PDHK,PDHK,PDK2
PDHK,1.8775,26,KRSA,0.677115987460815,3,ATYPICAL,PDHK,PDHK,PDK3
PDHK,1.8775,26,KRSA,0.677115987460815,3,ATYPICAL,PDHK,PDHK,PDK4
AMPK,1.93,25,KRSA,0.6896551724137931,3,CAMK,CAMKL,AMPK,PRKAA1
AMPK,1.93,25,KRSA,0.6896551724137931,3,CAMK,CAMKL,AMPK,PRKAA2
MST,-1.5325,37,KRSA,0.5391849529780565,3,STE,STE20,MST,STK3
MST,-1.5325,37,KRSA,0.5391849529780565,3,STE,STE20,MST,STK4
PKCD,1.8525,27,KRSA,0.664576802507837,3,AGC,PKC,DELTA,PRKCD
PKCD,1.8525,27,KRSA,0.664576802507837,3,AGC,PKC,DELTA,PRKCQ
PRKDC,-2.025,24,KRSA,0.7021943573667712,3,ATYPICAL,PIKK,DNAPK,PRKDC
IRAK,-1.54,36,KRSA,0.5517241379310345,3,TKL,IRAK,IRAK,IRAK1
IRAK,-1.54,36,KRSA,0.5517241379310345,3,TKL,IRAK,IRAK,IRAK2
IRAK,-1.54,36,KRSA,0.5517241379310345,3,TKL,IRAK,IRAK,IRAK3
IRAK,-1.54,36,KRSA,0.5517241379310345,3,TKL,IRAK,IRAK,IRAK4
ATM,-1.475,39,KRSA,0.5141065830721003,3,ATYPICAL,PIKK,ATM,ATM
GRK,-1.3825,40,KRSA,0.5015673981191222,3,AGC,GRK,GRK,GRK1
GRK,-1.3825,40,KRSA,0.5015673981191222,3,AGC,GRK,GRK,GRK4
GRK,-1.3825,40,KRSA,0.5015673981191222,3,AGC,GRK,GRK,GRK5
GRK,-1.3825,40,KRSA,0.5015673981191222,3,AGC,GRK,GRK,GRK6
GRK,-1.3825,40,KRSA,0.5015673981191222,3,AGC,GRK,GRK,GRK7
CK2,-1.3775,41,KRSA,0.4890282131661442,2,CMGC,CK2,CK2,CSNK2A1
CK2,-1.3775,41,KRSA,0.4890282131661442,2,CMGC,CK2,CK2,CSNK2A2
CK2,-1.3775,41,KRSA,0.4890282131661442,2,NA,NA,NA,CSNK2A3
CK1,-1.225,48,KRSA,0.3510971786833856,2,CK1,CK1,CK1-A,CSNK1A1
CK1,-1.225,48,KRSA,0.3510971786833856,2,CK1,CK1,CK1-A,CSNK1A1L
CK1,-1.225,48,KRSA,0.3510971786833856,2,CK1,CK1,CK1-D,CSNK1D
CK1,-1.225,48,KRSA,0.3510971786833856,2,CK1,CK1,CK1-D,CSNK1E
CK1,-1.225,48,KRSA,0.3510971786833856,2,CK1,CK1,CK1-G,CSNK1G1
CK1,-1.225,48,KRSA,0.3510971786833856,2,CK1,CK1,CK1-G,CSNK1G2
CK1,-1.225,48,KRSA,0.3510971786833856,2,CK1,CK1,CK1-G,CSNK1G3
CK1,-1.225,48,KRSA,0.3510971786833856,2,CK1,TTBK,TTBK,TTBK1
CK1,-1.225,48,KRSA,0.3510971786833856,2,CK1,TTBK,TTBK,TTBK2
CK1,-1.225,48,KRSA,0.3510971786833856,2,CK1,VRK,VRK,VRK3
MELK,1.2225,49,KRSA,0.3385579937304075,2,CAMK,CAMKL,MELK,MELK
AUR,1.5174999999999998,38,KRSA,0.5266457680250783,3,OTHER,AUR,AUR,AURKA
AUR,1.5174999999999998,38,KRSA,0.5266457680250783,3,OTHER,AUR,AUR,AURKB
AUR,1.5174999999999998,38,KRSA,0.5266457680250783,3,OTHER,AUR,AUR,AURKC
BUD32,-1.2675,44,KRSA,0.45141065830721006,2,OTHER,BUD32,BUD32,TP53RK
SLK,-1.2475,46,KRSA,0.41379310344827586,2,STE,STE20,SLK,SLK
SLK,-1.2475,46,KRSA,0.41379310344827586,2,STE,STE20,SLK,STK10
CLK,-1.25,45,KRSA,0.4263322884012539,2,CMGC,CLK,CLK,CLK1
CLK,-1.25,45,KRSA,0.4263322884012539,2,CMGC,CLK,CLK,CLK2
CLK,-1.25,45,KRSA,0.4263322884012539,2,CMGC,CLK,CLK,CLK3
CLK,-1.25,45,KRSA,0.4263322884012539,2,CMGC,CLK,CLK,CLK4
CAMK1,1.2325,47,KRSA,0.3761755485893417,2,CAMK,CAMK1,CAMK1,CAMK1
CAMK1,1.2325,47,KRSA,0.3761755485893417,2,CAMK,CAMK1,CAMK1,CAMK1D
CAMK1,1.2325,47,KRSA,0.3761755485893417,2,CAMK,CAMK1,CAMK1,CAMK1G
CAMK1,1.2325,47,KRSA,0.3761755485893417,2,CAMK,CAMK1,CAMK1,CAMK4
CAMK1,1.2325,47,KRSA,0.3761755485893417,2,CAMK,CAMK1,CAMK1,PNCK
ULK,-1.2325,47,KRSA,0.3761755485893417,2,OTHER,ULK,FUSED,STK36
ULK,-1.2325,47,KRSA,0.3761755485893417,2,OTHER,ULK,ULK,ULK1
ULK,-1.2325,47,KRSA,0.3761755485893417,2,OTHER,ULK,ULK,ULK2
ULK,-1.2325,47,KRSA,0.3761755485893417,2,OTHER,ULK,ULK,ULK3
ULK,-1.2325,47,KRSA,0.3761755485893417,2,OTHER,ULK,ULK,ULK4
CAMKK,-1.25,45,KRSA,0.4263322884012539,2,OTHER,CAMKK,META,CAMKK1
CAMKK,-1.25,45,KRSA,0.4263322884012539,2,OTHER,CAMKK,META,CAMKK2
MOS,-1.2325,47,KRSA,0.3761755485893417,2,OTHER,MOS,MOS,MOS
NIK,-1.225,48,KRSA,0.3510971786833856,2,STE,STE-UNIQUE,STE-UNIQUE,MAP3K14
RIPK,1.3525,42,KRSA,0.47648902821316613,2,TKL,RIPK,RIPK,ANKK1
RIPK,1.3525,42,KRSA,0.47648902821316613,2,TKL,RIPK,RIPK,RIPK1
RIPK,1.3525,42,KRSA,0.47648902821316613,2,TKL,RIPK,RIPK,RIPK2
RIPK,1.3525,42,KRSA,0.47648902821316613,2,TKL,RIPK,RIPK,RIPK3
RIPK,1.3525,42,KRSA,0.47648902821316613,2,TKL,RIPK,RIPK,RIPK4
PKN,0.8275,55,KRSA,0.2507836990595611,2,AGC,PKN,PKN,PKN1
PKN,0.8275,55,KRSA,0.2507836990595611,2,AGC,PKN,PKN,PKN2
PKN,0.8275,55,KRSA,0.2507836990595611,2,AGC,PKN,PKN,PKN3
GSK,-0.94,53,KRSA,0.2884012539184953,2,CMGC,GSK,GSK,GSK3A
GSK,-0.94,53,KRSA,0.2884012539184953,2,CMGC,GSK,GSK,GSK3B
VRK1,-0.96,52,KRSA,0.30094043887147337,2,CK1,VRK,VRK,VRK1
HAL,1.14,50,KRSA,0.32601880877742945,2,RGC,RGC,RGC,NPR1
PAKB,0.765,59,KRSA,0.18808777429467086,1,STE,STE20,PAKB,PAK4
PAKB,0.765,59,KRSA,0.18808777429467086,1,STE,STE20,PAKB,PAK5
PAKB,0.765,59,KRSA,0.18808777429467086,1,STE,STE20,PAKB,PAK6
DAPK,0.8,58,KRSA,0.2006269592476489,1,CAMK,DAPK,DAPK,DAPK1
DAPK,0.8,58,KRSA,0.2006269592476489,1,CAMK,DAPK,DAPK,DAPK2
DAPK,0.8,58,KRSA,0.2006269592476489,1,CAMK,DAPK,DAPK,DAPK3
DAPK,0.8,58,KRSA,0.2006269592476489,1,CAMK,DAPK,DRAK,STK17A
DAPK,0.8,58,KRSA,0.2006269592476489,1,CAMK,DAPK,DRAK,STK17B
PEK,-0.6025,63,KRSA,0.13793103448275862,1,OTHER,PEK,HRI,EIF2AK1
PEK,-0.6025,63,KRSA,0.13793103448275862,1,OTHER,PEK,PKR,EIF2AK2
PEK,-0.6025,63,KRSA,0.13793103448275862,1,OTHER,PEK,PEK,EIF2AK3
PEK,-0.6025,63,KRSA,0.13793103448275862,1,OTHER,PEK,GCN2,EIF2AK4
MTOR,-1.305,43,KRSA,0.46394984326018807,2,ATYPICAL,PIKK,FRAP,MTOR
PASK,0.8275,55,KRSA,0.2507836990595611,2,CAMK,CAMKL,PASK,PASK
BRSK,0.32,69,KRSA,0.06269592476489028,1,CAMK,CAMKL,BRSK,BRSK1
BRSK,0.32,69,KRSA,0.06269592476489028,1,CAMK,CAMKL,BRSK,BRSK2
MLCK,0.9,54,KRSA,0.27586206896551724,2,CAMK,MLCK,MLCK,MYLK
MLCK,0.9,54,KRSA,0.27586206896551724,2,CAMK,MLCK,MLCK,MYLK2
MLCK,0.9,54,KRSA,0.27586206896551724,2,CAMK,MLCK,MLCK,TTN
KHS,0.8125,57,KRSA,0.21316614420062696,1,STE,STE20,KHS,MAP4K1
KHS,0.8125,57,KRSA,0.21316614420062696,1,STE,STE20,KHS,MAP4K2
KHS,0.8125,57,KRSA,0.21316614420062696,1,STE,STE20,KHS,MAP4K3
KHS,0.8125,57,KRSA,0.21316614420062696,1,STE,STE20,KHS,MAP4K5
WNK,0.8200000000000001,56,KRSA,0.23824451410658307,1,OTHER,WNK,WNK,WNK1
WNK,0.8200000000000001,56,KRSA,0.23824451410658307,1,OTHER,WNK,WNK,WNK2
WNK,0.8200000000000001,56,KRSA,0.23824451410658307,1,OTHER,WNK,WNK,WNK3
WNK,0.8200000000000001,56,KRSA,0.23824451410658307,1,OTHER,WNK,WNK,WNK4
TAO,0.8125,57,KRSA,0.21316614420062696,1,STE,STE20,TAO,TAOK1
TAO,0.8125,57,KRSA,0.21316614420062696,1,STE,STE20,TAO,TAOK2
TAO,0.8125,57,KRSA,0.21316614420062696,1,STE,STE20,TAO,TAOK3
NDR,0.6575,62,KRSA,0.15047021943573669,1,AGC,NDR,NDR,LATS1
NDR,0.6575,62,KRSA,0.15047021943573669,1,AGC,NDR,NDR,LATS2
NDR,0.6575,62,KRSA,0.15047021943573669,1,AGC,NDR,NDR,STK38
NDR,0.6575,62,KRSA,0.15047021943573669,1,AGC,NDR,NDR,STK38L
ATR,-1.1125,51,KRSA,0.31347962382445144,2,ATYPICAL,PIKK,ATR,ATR
IKK,-0.3775,65,KRSA,0.11285266457680251,1,OTHER,IKK,IKK,CHUK
IKK,-0.3775,65,KRSA,0.11285266457680251,1,OTHER,IKK,IKK,IKBKB
IKK,-0.3775,65,KRSA,0.11285266457680251,1,OTHER,IKK,IKK,IKBKE
IKK,-0.3775,65,KRSA,0.11285266457680251,1,OTHER,IKK,IKK,TBK1
MSN,0.34,67,KRSA,0.0877742946708464,1,STE,STE20,MSN,MAP4K4
MSN,0.34,67,KRSA,0.0877742946708464,1,STE,STE20,MSN,NRK
MSN,0.34,67,KRSA,0.0877742946708464,1,STE,STE20,MSN,TNIK
RAF,-0.6725,61,KRSA,0.16300940438871472,1,TKL,RAF,RAF,ARAF
RAF,-0.6725,61,KRSA,0.16300940438871472,1,TKL,RAF,RAF,BRAF
RAF,-0.6725,61,KRSA,0.16300940438871472,1,TKL,RAF,KSR,KSR1
RAF,-0.6725,61,KRSA,0.16300940438871472,1,TKL,RAF,KSR,KSR2
RAF,-0.6725,61,KRSA,0.16300940438871472,1,TKL,RAF,RAF,RAF1
CAMK2,-0.2775,70,KRSA,0.050156739811912224,1,CAMK,CAMK2,CAMK2,CAMK2A
CAMK2,-0.2775,70,KRSA,0.050156739811912224,1,CAMK,CAMK2,CAMK2,CAMK2B
CAMK2,-0.2775,70,KRSA,0.050156739811912224,1,CAMK,CAMK2,CAMK2,CAMK2D
CAMK2,-0.2775,70,KRSA,0.050156739811912224,1,CAMK,CAMK2,CAMK2,CAMK2G
MLK,0.3275,68,KRSA,0.07523510971786834,1,TKL,MLK,ILK,ILK
MLK,0.3275,68,KRSA,0.07523510971786834,1,TKL,MLK,MLK,MAP3K10
MLK,0.3275,68,KRSA,0.07523510971786834,1,TKL,MLK,MLK,MAP3K11
MLK,0.3275,68,KRSA,0.07523510971786834,1,TKL,MLK,LZK,MAP3K12
MLK,0.3275,68,KRSA,0.07523510971786834,1,TKL,MLK,LZK,MAP3K13
MLK,0.3275,68,KRSA,0.07523510971786834,1,TKL,MLK,MLK,MAP3K9
MLK,0.3275,68,KRSA,0.07523510971786834,1,TKL,MLK,HH498,TNNI3K
COT,-0.2725,71,KRSA,0.03761755485893417,1,STE,STE-UNIQUE,STE-UNIQUE,MAP3K8
FRAY,0.1875,73,KRSA,0.012539184952978056,1,STE,STE20,FRAY,OXSR1
FRAY,0.1875,73,KRSA,0.012539184952978056,1,STE,STE20,FRAY,STK39
CHK1,-0.355,66,KRSA,0.10031347962382445,1,CAMK,CAMKL,CHK1,CHEK1
QIK,0.03500000000000001,74,KRSA,0,1,CAMK,CAMKL,QIK,SIK1
QIK,0.03500000000000001,74,KRSA,0,1,CAMK,CAMKL,QIK,SIK2
NEK,-0.195,72,KRSA,0.025078369905956112,1,OTHER,NEK,NEK11,NEK11
NEK,-0.195,72,KRSA,0.025078369905956112,1,OTHER,NEK,NEK2,NEK2
NEK,-0.195,72,KRSA,0.025078369905956112,1,OTHER,NEK,NEK1,NEK3
NEK,-0.195,72,KRSA,0.025078369905956112,1,OTHER,NEK,NEK4,NEK4
NEK,-0.195,72,KRSA,0.025078369905956112,1,OTHER,NEK,NEK1,NEK5
NEK,-0.195,72,KRSA,0.025078369905956112,1,OTHER,NEK,NEK6,NEK6
NEK,-0.195,72,KRSA,0.025078369905956112,1,OTHER,NEK,NEK6,NEK7
NEK,-0.195,72,KRSA,0.025078369905956112,1,OTHER,NEK,NEK8,NEK8
NEK,-0.195,72,KRSA,0.025078369905956112,1,OTHER,NEK,NEK8,NEK9
BARK2,-0.3925,64,KRSA,0.12539184952978055,1,AGC,GRK,BARK,GRK3
DYRK,-4.605,1,KRSA,0.9905956112852664,4,CMGC,DYRK,DYRK1,DYRK1A
DYRK,-4.605,1,KRSA,0.9905956112852664,4,CMGC,DYRK,DYRK1,DYRK1B
DYRK,-4.605,1,KRSA,0.9905956112852664,4,CMGC,DYRK,DYRK2,DYRK2
DYRK,-4.605,1,KRSA,0.9905956112852664,4,CMGC,DYRK,DYRK2,DYRK3
DYRK,-4.605,1,KRSA,0.9905956112852664,4,CMGC,DYRK,DYRK2,DYRK4
DYRK,-4.605,1,KRSA,0.9905956112852664,4,CMGC,DYRK,HIPK,HIPK1
DYRK,-4.605,1,KRSA,0.9905956112852664,4,CMGC,DYRK,HIPK,HIPK2
DYRK,-4.605,1,KRSA,0.9905956112852664,4,CMGC,DYRK,HIPK,HIPK3
DYRK,-4.605,1,KRSA,0.9905956112852664,4,CMGC,DYRK,HIPK,HIPK4
DYRK,-4.605,1,KRSA,0.9905956112852664,4,CMGC,DYRK,PRP4,PRPF4B
PKA,4.2075,2,KRSA,0.9780564263322884,4,AGC,PKA,PKA,PRKACA
PKA,4.2075,2,KRSA,0.9780564263322884,4,AGC,PKA,PKA,PRKACB
PKA,4.2075,2,KRSA,0.9780564263322884,4,AGC,PKA,PKA,PRKACG
PKA,4.2075,2,KRSA,0.9780564263322884,4,AGC,PKA,PKA,PRKX
PKA,4.2075,2,KRSA,0.9780564263322884,4,AGC,PKA,PKA,PRKY
JNK,-3.93,4,KRSA,0.9529780564263323,4,CMGC,MAPK,JNK,MAPK10
JNK,-3.93,4,KRSA,0.9529780564263323,4,CMGC,MAPK,JNK,MAPK8
JNK,-3.93,4,KRSA,0.9529780564263323,4,CMGC,MAPK,JNK,MAPK9
NMO,-3.6175,5,KRSA,0.9404388714733543,4,CMGC,MAPK,NMO,NLK
P38,-3.6,6,KRSA,0.9278996865203761,4,CMGC,MAPK,P38,MAPK11
P38,-3.6,6,KRSA,0.9278996865203761,4,CMGC,MAPK,P38,MAPK12
P38,-3.6,6,KRSA,0.9278996865203761,4,CMGC,MAPK,P38,MAPK13
P38,-3.6,6,KRSA,0.9278996865203761,4,CMGC,MAPK,P38,MAPK14
PAKA,3.465,9,KRSA,0.890282131661442,4,STE,STE20,PAKA,PAK1
PAKA,3.465,9,KRSA,0.890282131661442,4,STE,STE20,PAKA,PAK2
PAKA,3.465,9,KRSA,0.890282131661442,4,STE,STE20,PAKA,PAK3
ERK,-4.0024999999999995,3,KRSA,0.9655172413793104,4,CMGC,MAPK,ERK1,MAPK1
ERK,-4.0024999999999995,3,KRSA,0.9655172413793104,4,CMGC,MAPK,ERK7,MAPK15
ERK,-4.0024999999999995,3,KRSA,0.9655172413793104,4,CMGC,MAPK,ERK1,MAPK3
ERK,-4.0024999999999995,3,KRSA,0.9655172413793104,4,CMGC,MAPK,ERK3,MAPK4
ERK,-4.0024999999999995,3,KRSA,0.9655172413793104,4,CMGC,MAPK,ERK3,MAPK6
ERK,-4.0024999999999995,3,KRSA,0.9655172413793104,4,CMGC,MAPK,ERK5,MAPK7
RSK,3.51,8,KRSA,0.9028213166144201,4,AGC,RSK,RSK,RPS6KA1
RSK,3.51,8,KRSA,0.9028213166144201,4,AGC,RSK,RSK,RPS6KA2
RSK,3.51,8,KRSA,0.9028213166144201,4,AGC,RSK,RSK,RPS6KA3
RSK,3.51,8,KRSA,0.9028213166144201,4,AGC,RSK,MSK,RPS6KA4
RSK,3.51,8,KRSA,0.9028213166144201,4,AGC,RSK,MSK,RPS6KA5
RSK,3.51,8,KRSA,0.9028213166144201,4,AGC,RSK,RSK,RPS6KA6
RSK,3.51,8,KRSA,0.9028213166144201,4,AGC,RSK,P70,RPS6KB1
RSK,3.51,8,KRSA,0.9028213166144201,4,AGC,RSK,P70,RPS6KB2
DMPK,3.56,7,KRSA,0.9153605015673981,4,AGC,DMPK,GEK,CDC42BPA
DMPK,3.56,7,KRSA,0.9153605015673981,4,AGC,DMPK,GEK,CDC42BPB
DMPK,3.56,7,KRSA,0.9153605015673981,4,AGC,DMPK,GEK,CDC42BPG
DMPK,3.56,7,KRSA,0.9153605015673981,4,AGC,DMPK,CRIK,CIT
DMPK,3.56,7,KRSA,0.9153605015673981,4,AGC,DMPK,GEK,DMPK
DMPK,3.56,7,KRSA,0.9153605015673981,4,AGC,DMPK,ROCK,ROCK1
DMPK,3.56,7,KRSA,0.9153605015673981,4,AGC,DMPK,ROCK,ROCK2
PKG,3.2325,11,KRSA,0.8652037617554859,4,AGC,PKG,PKG,PRKG1
PKG,3.2325,11,KRSA,0.8652037617554859,4,AGC,PKG,PKG,PRKG2
PLK,-2.825,12,KRSA,0.8526645768025078,4,NA,NA,NA,PLK5
PLK,-2.825,12,KRSA,0.8526645768025078,4,OTHER,PLK,PLK1,PLK1
PLK,-2.825,12,KRSA,0.8526645768025078,4,OTHER,PLK,PLK2,PLK2
PLK,-2.825,12,KRSA,0.8526645768025078,4,OTHER,PLK,PLK2,PLK3
PLK,-2.825,12,KRSA,0.8526645768025078,4,OTHER,PLK,SAK,PLK4
AKT,2.7475,13,KRSA,0.8401253918495298,4,AGC,AKT,AKT,AKT1
AKT,2.7475,13,KRSA,0.8401253918495298,4,AGC,AKT,AKT,AKT2
AKT,2.7475,13,KRSA,0.8401253918495298,4,AGC,AKT,AKT,AKT3
PIM,3.28,10,KRSA,0.877742946708464,4,CAMK,PIM,PIM,PIM1
PIM,3.28,10,KRSA,0.877742946708464,4,CAMK,PIM,PIM,PIM2
PIM,3.28,10,KRSA,0.877742946708464,4,CAMK,PIM,PIM,PIM3
RAD53,2.7075,14,KRSA,0.8275862068965517,4,CAMK,RAD53,RAD53,CHEK2
PRKDC,-2.025,24,KRSA,0.7021943573667712,3,ATYPICAL,PIKK,DNAPK,PRKDC
STE7,-2.53,16,KRSA,0.8025078369905956,4,STE,STE7,MEK1,MAP2K1
STE7,-2.53,16,KRSA,0.8025078369905956,4,STE,STE7,MEK1,MAP2K2
STE7,-2.53,16,KRSA,0.8025078369905956,4,STE,STE7,MEK3,MAP2K3
STE7,-2.53,16,KRSA,0.8025078369905956,4,STE,STE7,MEK4,MAP2K4
STE7,-2.53,16,KRSA,0.8025078369905956,4,STE,STE7,MEK5,MAP2K5
STE7,-2.53,16,KRSA,0.8025078369905956,4,STE,STE7,MEK3,MAP2K6
STE7,-2.53,16,KRSA,0.8025078369905956,4,STE,STE7,MEK7,MAP2K7
PKD,2.4025,19,KRSA,0.7648902821316614,4,CAMK,PKD,PKD,PRKD1
PKD,2.4025,19,KRSA,0.7648902821316614,4,CAMK,PKD,PKD,PRKD2
PKD,2.4025,19,KRSA,0.7648902821316614,4,CAMK,PKD,PKD,PRKD3
LKB,-2.5075000000000003,18,KRSA,0.7774294670846394,4,CAMK,CAMKL,LKB,STK11
PKCH,2.06,22,KRSA,0.7272727272727273,3,AGC,PKC,ETA,PRKCE
PKCH,2.06,22,KRSA,0.7272727272727273,3,AGC,PKC,ETA,PRKCH
CDK,-2.595,15,KRSA,0.8150470219435737,4,CMGC,CDK,CDC2,CDK1
CDK,-2.595,15,KRSA,0.8150470219435737,4,CMGC,CDK,CDK10,CDK10
CDK,-2.595,15,KRSA,0.8150470219435737,4,CMGC,CDK,CRK7,CDK12
CDK,-2.595,15,KRSA,0.8150470219435737,4,CMGC,CDK,CRK7,CDK13
CDK,-2.595,15,KRSA,0.8150470219435737,4,CMGC,CDK,PFTAIRE,CDK14
CDK,-2.595,15,KRSA,0.8150470219435737,4,CMGC,CDK,PFTAIRE,CDK15
CDK,-2.595,15,KRSA,0.8150470219435737,4,CMGC,CDK,PCTAIRE,CDK16
CDK,-2.595,15,KRSA,0.8150470219435737,4,CMGC,CDK,PCTAIRE,CDK17
CDK,-2.595,15,KRSA,0.8150470219435737,4,CMGC,CDK,PCTAIRE,CDK18
CDK,-2.595,15,KRSA,0.8150470219435737,4,CMGC,CDK,CDK8,CDK19
CDK,-2.595,15,KRSA,0.8150470219435737,4,CMGC,CDK,CDC2,CDK2
CDK,-2.595,15,KRSA,0.8150470219435737,4,CMGC,CDK,CCRK,CDK20
CDK,-2.595,15,KRSA,0.8150470219435737,4,CMGC,CDK,CDC2,CDK3
CDK,-2.595,15,KRSA,0.8150470219435737,4,CMGC,CDK,CDK4,CDK4
CDK,-2.595,15,KRSA,0.8150470219435737,4,CMGC,CDK,CDK5,CDK5
CDK,-2.595,15,KRSA,0.8150470219435737,4,CMGC,CDK,CDK4,CDK6
CDK,-2.595,15,KRSA,0.8150470219435737,4,CMGC,CDK,CDK7,CDK7
CDK,-2.595,15,KRSA,0.8150470219435737,4,CMGC,CDK,CDK8,CDK8
CDK,-2.595,15,KRSA,0.8150470219435737,4,CMGC,CDK,CDK9,CDK9
CDK,-2.595,15,KRSA,0.8150470219435737,4,NA,NA,NA,CDK11A
CDK,-2.595,15,KRSA,0.8150470219435737,4,NA,NA,NA,CDK11B
PKCA,2.39,20,KRSA,0.7523510971786834,4,AGC,PKC,ALPHA,PRKCA
PKCA,2.39,20,KRSA,0.7523510971786834,4,AGC,PKC,ALPHA,PRKCB
PKCA,2.39,20,KRSA,0.7523510971786834,4,AGC,PKC,ALPHA,PRKCG
STE11,-2.2275,21,KRSA,0.7398119122257053,3,TKL,MLK,TAK1,MAP3K7
STE11,-2.2275,21,KRSA,0.7398119122257053,3,STE,STE11,MEKK1,MAP3K1
STE11,-2.2275,21,KRSA,0.7398119122257053,3,STE,STE11,ASK,MAP3K15
STE11,-2.2275,21,KRSA,0.7398119122257053,3,STE,STE11,MEKK2,MAP3K2
STE11,-2.2275,21,KRSA,0.7398119122257053,3,STE,STE11,MEKK2,MAP3K3
STE11,-2.2275,21,KRSA,0.7398119122257053,3,STE,STE11,MEKK4,MAP3K4
STE11,-2.2275,21,KRSA,0.7398119122257053,3,STE,STE11,ASK,MAP3K5
STE11,-2.2275,21,KRSA,0.7398119122257053,3,STE,STE11,ASK,MAP3K6
PKCI,1.84,28,KRSA,0.6520376175548589,3,AGC,PKC,IOTA,PRKCI
PKCI,1.84,28,KRSA,0.6520376175548589,3,AGC,PKC,IOTA,PRKCZ
PDHK,1.8775,26,KRSA,0.677115987460815,3,ATYPICAL,PDHK,BCKDK,BCKDK
PDHK,1.8775,26,KRSA,0.677115987460815,3,ATYPICAL,PDHK,PDHK,PDK2
PDHK,1.8775,26,KRSA,0.677115987460815,3,ATYPICAL,PDHK,PDHK,PDK3
PDHK,1.8775,26,KRSA,0.677115987460815,3,ATYPICAL,PDHK,PDHK,PDK4
PDK1,-2.525,17,KRSA,0.7899686520376176,4,ATYPICAL,PDHK,PDHK,PDK1
PDK1,-2.525,17,KRSA,0.7899686520376176,4,AGC,PDK1,PDK1,PDPK1
STKR,-1.8075,29,KRSA,0.6394984326018809,3,TKL,STKR,TYPE1,ACVR1
STKR,-1.8075,29,KRSA,0.6394984326018809,3,TKL,STKR,TYPE1,ACVR1B
STKR,-1.8075,29,KRSA,0.6394984326018809,3,TKL,STKR,TYPE1,ACVR1C
STKR,-1.8075,29,KRSA,0.6394984326018809,3,TKL,STKR,TYPE2,ACVR2A
STKR,-1.8075,29,KRSA,0.6394984326018809,3,TKL,STKR,TYPE2,ACVR2B
STKR,-1.8075,29,KRSA,0.6394984326018809,3,TKL,STKR,TYPE1,ACVRL1
STKR,-1.8075,29,KRSA,0.6394984326018809,3,TKL,STKR,TYPE2,AMHR2
STKR,-1.8075,29,KRSA,0.6394984326018809,3,TKL,STKR,TYPE1,BMPR1A
STKR,-1.8075,29,KRSA,0.6394984326018809,3,TKL,STKR,TYPE1,BMPR1B
STKR,-1.8075,29,KRSA,0.6394984326018809,3,TKL,STKR,TYPE2,BMPR2
STKR,-1.8075,29,KRSA,0.6394984326018809,3,TKL,STKR,TYPE1,TGFBR1
STKR,-1.8075,29,KRSA,0.6394984326018809,3,TKL,STKR,TYPE2,TGFBR2
AMPK,1.93,25,KRSA,0.6896551724137931,3,CAMK,CAMKL,AMPK,PRKAA1
AMPK,1.93,25,KRSA,0.6896551724137931,3,CAMK,CAMKL,AMPK,PRKAA2
PHK,2.04,23,KRSA,0.7147335423197492,3,CAMK,PHK,PHK,PHKG1
PHK,2.04,23,KRSA,0.7147335423197492,3,CAMK,PHK,PHK,PHKG2
ATR,-1.1125,51,KRSA,0.31347962382445144,2,ATYPICAL,PIKK,ATR,ATR
TTK,-1.7675,33,KRSA,0.5893416927899686,3,OTHER,TTK,TTK,TTK
TLK,-1.78,32,KRSA,0.6018808777429467,3,OTHER,TLK,TLK,TLK1
TLK,-1.78,32,KRSA,0.6018808777429467,3,OTHER,TLK,TLK,TLK2
PKCD,1.8525,27,KRSA,0.664576802507837,3,AGC,PKC,DELTA,PRKCD
PKCD,1.8525,27,KRSA,0.664576802507837,3,AGC,PKC,DELTA,PRKCQ
NAK,-1.795,30,KRSA,0.6269592476489029,3,OTHER,NAK,BIKE,AAK1
NAK,-1.795,30,KRSA,0.6269592476489029,3,OTHER,NAK,BIKE,BMP2K
NAK,-1.795,30,KRSA,0.6269592476489029,3,OTHER,NAK,GAK,GAK
NAK,-1.795,30,KRSA,0.6269592476489029,3,OTHER,NAK,MPSK,STK16
NUAK,-1.755,34,KRSA,0.5768025078369906,3,CAMK,CAMKL,NUAK,NUAK1
NUAK,-1.755,34,KRSA,0.5768025078369906,3,CAMK,CAMKL,NUAK,NUAK2
SGK,1.79,31,KRSA,0.6144200626959248,3,AGC,SGK,SGK,SGK1
SGK,1.79,31,KRSA,0.6144200626959248,3,AGC,SGK,SGK,SGK2
SGK,1.79,31,KRSA,0.6144200626959248,3,AGC,SGK,SGK,SGK3
MAPKAPK,1.735,35,KRSA,0.5642633228840125,3,CAMK,MAPKAPK,MAPKAPK,MAPKAPK2
MAPKAPK,1.735,35,KRSA,0.5642633228840125,3,CAMK,MAPKAPK,MAPKAPK,MAPKAPK3
MAPKAPK,1.735,35,KRSA,0.5642633228840125,3,CAMK,MAPKAPK,MAPKAPK,MAPKAPK5
MAPKAPK,1.735,35,KRSA,0.5642633228840125,3,CAMK,MAPKAPK,MNK,MKNK1
MAPKAPK,1.735,35,KRSA,0.5642633228840125,3,CAMK,MAPKAPK,MNK,MKNK2
CK1,-1.225,48,KRSA,0.3510971786833856,2,CK1,CK1,CK1-A,CSNK1A1
CK1,-1.225,48,KRSA,0.3510971786833856,2,CK1,CK1,CK1-A,CSNK1A1L
CK1,-1.225,48,KRSA,0.3510971786833856,2,CK1,CK1,CK1-D,CSNK1D
CK1,-1.225,48,KRSA,0.3510971786833856,2,CK1,CK1,CK1-D,CSNK1E
CK1,-1.225,48,KRSA,0.3510971786833856,2,CK1,CK1,CK1-G,CSNK1G1
CK1,-1.225,48,KRSA,0.3510971786833856,2,CK1,CK1,CK1-G,CSNK1G2
CK1,-1.225,48,KRSA,0.3510971786833856,2,CK1,CK1,CK1-G,CSNK1G3
CK1,-1.225,48,KRSA,0.3510971786833856,2,CK1,TTBK,TTBK,TTBK1
CK1,-1.225,48,KRSA,0.3510971786833856,2,CK1,TTBK,TTBK,TTBK2
CK1,-1.225,48,KRSA,0.3510971786833856,2,CK1,VRK,VRK,VRK3
MST,-1.5325,37,KRSA,0.5391849529780565,3,STE,STE20,MST,STK3
MST,-1.5325,37,KRSA,0.5391849529780565,3,STE,STE20,MST,STK4
IRAK,-1.54,36,KRSA,0.5517241379310345,3,TKL,IRAK,IRAK,IRAK1
IRAK,-1.54,36,KRSA,0.5517241379310345,3,TKL,IRAK,IRAK,IRAK2
IRAK,-1.54,36,KRSA,0.5517241379310345,3,TKL,IRAK,IRAK,IRAK3
IRAK,-1.54,36,KRSA,0.5517241379310345,3,TKL,IRAK,IRAK,IRAK4
ATM,-1.475,39,KRSA,0.5141065830721003,3,ATYPICAL,PIKK,ATM,ATM
GRK,-1.3825,40,KRSA,0.5015673981191222,3,AGC,GRK,GRK,GRK1
GRK,-1.3825,40,KRSA,0.5015673981191222,3,AGC,GRK,GRK,GRK4
GRK,-1.3825,40,KRSA,0.5015673981191222,3,AGC,GRK,GRK,GRK5
GRK,-1.3825,40,KRSA,0.5015673981191222,3,AGC,GRK,GRK,GRK6
GRK,-1.3825,40,KRSA,0.5015673981191222,3,AGC,GRK,GRK,GRK7
CK2,-1.3775,41,KRSA,0.4890282131661442,2,CMGC,CK2,CK2,CSNK2A1
CK2,-1.3775,41,KRSA,0.4890282131661442,2,CMGC,CK2,CK2,CSNK2A2
CK2,-1.3775,41,KRSA,0.4890282131661442,2,NA,NA,NA,CSNK2A3
CAMK1,1.2325,47,KRSA,0.3761755485893417,2,CAMK,CAMK1,CAMK1,CAMK1
CAMK1,1.2325,47,KRSA,0.3761755485893417,2,CAMK,CAMK1,CAMK1,CAMK1D
CAMK1,1.2325,47,KRSA,0.3761755485893417,2,CAMK,CAMK1,CAMK1,CAMK1G
CAMK1,1.2325,47,KRSA,0.3761755485893417,2,CAMK,CAMK1,CAMK1,CAMK4
CAMK1,1.2325,47,KRSA,0.3761755485893417,2,CAMK,CAMK1,CAMK1,PNCK
AUR,1.5174999999999998,38,KRSA,0.5266457680250783,3,OTHER,AUR,AUR,AURKA
AUR,1.5174999999999998,38,KRSA,0.5266457680250783,3,OTHER,AUR,AUR,AURKB
AUR,1.5174999999999998,38,KRSA,0.5266457680250783,3,OTHER,AUR,AUR,AURKC
RIPK,1.3525,42,KRSA,0.47648902821316613,2,TKL,RIPK,RIPK,ANKK1
RIPK,1.3525,42,KRSA,0.47648902821316613,2,TKL,RIPK,RIPK,RIPK1
RIPK,1.3525,42,KRSA,0.47648902821316613,2,TKL,RIPK,RIPK,RIPK2
RIPK,1.3525,42,KRSA,0.47648902821316613,2,TKL,RIPK,RIPK,RIPK3
RIPK,1.3525,42,KRSA,0.47648902821316613,2,TKL,RIPK,RIPK,RIPK4
CAMKK,-1.25,45,KRSA,0.4263322884012539,2,OTHER,CAMKK,META,CAMKK1
CAMKK,-1.25,45,KRSA,0.4263322884012539,2,OTHER,CAMKK,META,CAMKK2
BUD32,-1.2675,44,KRSA,0.45141065830721006,2,OTHER,BUD32,BUD32,TP53RK
ULK,-1.2325,47,KRSA,0.3761755485893417,2,OTHER,ULK,FUSED,STK36
ULK,-1.2325,47,KRSA,0.3761755485893417,2,OTHER,ULK,ULK,ULK1
ULK,-1.2325,47,KRSA,0.3761755485893417,2,OTHER,ULK,ULK,ULK2
ULK,-1.2325,47,KRSA,0.3761755485893417,2,OTHER,ULK,ULK,ULK3
ULK,-1.2325,47,KRSA,0.3761755485893417,2,OTHER,ULK,ULK,ULK4
NIK,-1.225,48,KRSA,0.3510971786833856,2,STE,STE-UNIQUE,STE-UNIQUE,MAP3K14
CLK,-1.25,45,KRSA,0.4263322884012539,2,CMGC,CLK,CLK,CLK1
CLK,-1.25,45,KRSA,0.4263322884012539,2,CMGC,CLK,CLK,CLK2
CLK,-1.25,45,KRSA,0.4263322884012539,2,CMGC,CLK,CLK,CLK3
CLK,-1.25,45,KRSA,0.4263322884012539,2,CMGC,CLK,CLK,CLK4
MOS,-1.2325,47,KRSA,0.3761755485893417,2,OTHER,MOS,MOS,MOS
SLK,-1.2475,46,KRSA,0.41379310344827586,2,STE,STE20,SLK,SLK
SLK,-1.2475,46,KRSA,0.41379310344827586,2,STE,STE20,SLK,STK10
PKN,0.8275,55,KRSA,0.2507836990595611,2,AGC,PKN,PKN,PKN1
PKN,0.8275,55,KRSA,0.2507836990595611,2,AGC,PKN,PKN,PKN2
PKN,0.8275,55,KRSA,0.2507836990595611,2,AGC,PKN,PKN,PKN3
MELK,1.2225,49,KRSA,0.3385579937304075,2,CAMK,CAMKL,MELK,MELK
HAL,1.14,50,KRSA,0.32601880877742945,2,RGC,RGC,RGC,NPR1
PAKB,0.765,59,KRSA,0.18808777429467086,1,STE,STE20,PAKB,PAK4
PAKB,0.765,59,KRSA,0.18808777429467086,1,STE,STE20,PAKB,PAK5
PAKB,0.765,59,KRSA,0.18808777429467086,1,STE,STE20,PAKB,PAK6
MTOR,-1.305,43,KRSA,0.46394984326018807,2,ATYPICAL,PIKK,FRAP,MTOR
VRK1,-0.96,52,KRSA,0.30094043887147337,2,CK1,VRK,VRK,VRK1
BARK2,-0.3925,64,KRSA,0.12539184952978055,1,AGC,GRK,BARK,GRK3
DAPK,0.8,58,KRSA,0.2006269592476489,1,CAMK,DAPK,DAPK,DAPK1
DAPK,0.8,58,KRSA,0.2006269592476489,1,CAMK,DAPK,DAPK,DAPK2
DAPK,0.8,58,KRSA,0.2006269592476489,1,CAMK,DAPK,DAPK,DAPK3
DAPK,0.8,58,KRSA,0.2006269592476489,1,CAMK,DAPK,DRAK,STK17A
DAPK,0.8,58,KRSA,0.2006269592476489,1,CAMK,DAPK,DRAK,STK17B
GSK,-0.94,53,KRSA,0.2884012539184953,2,CMGC,GSK,GSK,GSK3A
GSK,-0.94,53,KRSA,0.2884012539184953,2,CMGC,GSK,GSK,GSK3B
NDR,0.6575,62,KRSA,0.15047021943573669,1,AGC,NDR,NDR,LATS1
NDR,0.6575,62,KRSA,0.15047021943573669,1,AGC,NDR,NDR,LATS2
NDR,0.6575,62,KRSA,0.15047021943573669,1,AGC,NDR,NDR,STK38
NDR,0.6575,62,KRSA,0.15047021943573669,1,AGC,NDR,NDR,STK38L
MLCK,0.9,54,KRSA,0.27586206896551724,2,CAMK,MLCK,MLCK,MYLK
MLCK,0.9,54,KRSA,0.27586206896551724,2,CAMK,MLCK,MLCK,MYLK2
MLCK,0.9,54,KRSA,0.27586206896551724,2,CAMK,MLCK,MLCK,TTN
RAF,-0.6725,61,KRSA,0.16300940438871472,1,TKL,RAF,RAF,ARAF
RAF,-0.6725,61,KRSA,0.16300940438871472,1,TKL,RAF,RAF,BRAF
RAF,-0.6725,61,KRSA,0.16300940438871472,1,TKL,RAF,KSR,KSR1
RAF,-0.6725,61,KRSA,0.16300940438871472,1,TKL,RAF,KSR,KSR2
RAF,-0.6725,61,KRSA,0.16300940438871472,1,TKL,RAF,RAF,RAF1
TAO,0.8125,57,KRSA,0.21316614420062696,1,STE,STE20,TAO,TAOK1
TAO,0.8125,57,KRSA,0.21316614420062696,1,STE,STE20,TAO,TAOK2
TAO,0.8125,57,KRSA,0.21316614420062696,1,STE,STE20,TAO,TAOK3
WNK,0.8200000000000001,56,KRSA,0.23824451410658307,1,OTHER,WNK,WNK,WNK1
WNK,0.8200000000000001,56,KRSA,0.23824451410658307,1,OTHER,WNK,WNK,WNK2
WNK,0.8200000000000001,56,KRSA,0.23824451410658307,1,OTHER,WNK,WNK,WNK3
WNK,0.8200000000000001,56,KRSA,0.23824451410658307,1,OTHER,WNK,WNK,WNK4
PASK,0.8275,55,KRSA,0.2507836990595611,2,CAMK,CAMKL,PASK,PASK
KHS,0.8125,57,KRSA,0.21316614420062696,1,STE,STE20,KHS,MAP4K1
KHS,0.8125,57,KRSA,0.21316614420062696,1,STE,STE20,KHS,MAP4K2
KHS,0.8125,57,KRSA,0.21316614420062696,1,STE,STE20,KHS,MAP4K3
KHS,0.8125,57,KRSA,0.21316614420062696,1,STE,STE20,KHS,MAP4K5
BRSK,0.32,69,KRSA,0.06269592476489028,1,CAMK,CAMKL,BRSK,BRSK1
BRSK,0.32,69,KRSA,0.06269592476489028,1,CAMK,CAMKL,BRSK,BRSK2
IKK,-0.3775,65,KRSA,0.11285266457680251,1,OTHER,IKK,IKK,CHUK
IKK,-0.3775,65,KRSA,0.11285266457680251,1,OTHER,IKK,IKK,IKBKB
IKK,-0.3775,65,KRSA,0.11285266457680251,1,OTHER,IKK,IKK,IKBKE
IKK,-0.3775,65,KRSA,0.11285266457680251,1,OTHER,IKK,IKK,TBK1
CHK1,-0.355,66,KRSA,0.10031347962382445,1,CAMK,CAMKL,CHK1,CHEK1
MSN,0.34,67,KRSA,0.0877742946708464,1,STE,STE20,MSN,MAP4K4
MSN,0.34,67,KRSA,0.0877742946708464,1,STE,STE20,MSN,NRK
MSN,0.34,67,KRSA,0.0877742946708464,1,STE,STE20,MSN,TNIK
NEK,-0.195,72,KRSA,0.025078369905956112,1,OTHER,NEK,NEK11,NEK11
NEK,-0.195,72,KRSA,0.025078369905956112,1,OTHER,NEK,NEK2,NEK2
NEK,-0.195,72,KRSA,0.025078369905956112,1,OTHER,NEK,NEK1,NEK3
NEK,-0.195,72,KRSA,0.025078369905956112,1,OTHER,NEK,NEK4,NEK4
NEK,-0.195,72,KRSA,0.025078369905956112,1,OTHER,NEK,NEK1,NEK5
NEK,-0.195,72,KRSA,0.025078369905956112,1,OTHER,NEK,NEK6,NEK6
NEK,-0.195,72,KRSA,0.025078369905956112,1,OTHER,NEK,NEK6,NEK7
NEK,-0.195,72,KRSA,0.025078369905956112,1,OTHER,NEK,NEK8,NEK8
NEK,-0.195,72,KRSA,0.025078369905956112,1,OTHER,NEK,NEK8,NEK9
QIK,0.03500000000000001,74,KRSA,0,1,CAMK,CAMKL,QIK,SIK1
QIK,0.03500000000000001,74,KRSA,0,1,CAMK,CAMKL,QIK,SIK2
FRAY,0.1875,73,KRSA,0.012539184952978056,1,STE,STE20,FRAY,OXSR1
FRAY,0.1875,73,KRSA,0.012539184952978056,1,STE,STE20,FRAY,STK39
PEK,-0.6025,63,KRSA,0.13793103448275862,1,OTHER,PEK,HRI,EIF2AK1
PEK,-0.6025,63,KRSA,0.13793103448275862,1,OTHER,PEK,PKR,EIF2AK2
PEK,-0.6025,63,KRSA,0.13793103448275862,1,OTHER,PEK,PEK,EIF2AK3
PEK,-0.6025,63,KRSA,0.13793103448275862,1,OTHER,PEK,GCN2,EIF2AK4
CAMK2,-0.2775,70,KRSA,0.050156739811912224,1,CAMK,CAMK2,CAMK2,CAMK2A
CAMK2,-0.2775,70,KRSA,0.050156739811912224,1,CAMK,CAMK2,CAMK2,CAMK2B
CAMK2,-0.2775,70,KRSA,0.050156739811912224,1,CAMK,CAMK2,CAMK2,CAMK2D
CAMK2,-0.2775,70,KRSA,0.050156739811912224,1,CAMK,CAMK2,CAMK2,CAMK2G
COT,-0.2725,71,KRSA,0.03761755485893417,1,STE,STE-UNIQUE,STE-UNIQUE,MAP3K8
MLK,0.3275,68,KRSA,0.07523510971786834,1,TKL,MLK,ILK,ILK
MLK,0.3275,68,KRSA,0.07523510971786834,1,TKL,MLK,MLK,MAP3K10
MLK,0.3275,68,KRSA,0.07523510971786834,1,TKL,MLK,MLK,MAP3K11
MLK,0.3275,68,KRSA,0.07523510971786834,1,TKL,MLK,LZK,MAP3K12
MLK,0.3275,68,KRSA,0.07523510971786834,1,TKL,MLK,LZK,MAP3K13
MLK,0.3275,68,KRSA,0.07523510971786834,1,TKL,MLK,MLK,MAP3K9
MLK,0.3275,68,KRSA,0.07523510971786834,1,TKL,MLK,HH498,TNNI3K
DYRK,-4.605,1,KRSA,0.9905956112852664,4,CMGC,DYRK,DYRK1,DYRK1A
DYRK,-4.605,1,KRSA,0.9905956112852664,4,CMGC,DYRK,DYRK1,DYRK1B
DYRK,-4.605,1,KRSA,0.9905956112852664,4,CMGC,DYRK,DYRK2,DYRK2
DYRK,-4.605,1,KRSA,0.9905956112852664,4,CMGC,DYRK,DYRK2,DYRK3
DYRK,-4.605,1,KRSA,0.9905956112852664,4,CMGC,DYRK,DYRK2,DYRK4
DYRK,-4.605,1,KRSA,0.9905956112852664,4,CMGC,DYRK,HIPK,HIPK1
DYRK,-4.605,1,KRSA,0.9905956112852664,4,CMGC,DYRK,HIPK,HIPK2
DYRK,-4.605,1,KRSA,0.9905956112852664,4,CMGC,DYRK,HIPK,HIPK3
DYRK,-4.605,1,KRSA,0.9905956112852664,4,CMGC,DYRK,HIPK,HIPK4
DYRK,-4.605,1,KRSA,0.9905956112852664,4,CMGC,DYRK,PRP4,PRPF4B
ERK,-4.0024999999999995,3,KRSA,0.9655172413793104,4,CMGC,MAPK,ERK1,MAPK1
ERK,-4.0024999999999995,3,KRSA,0.9655172413793104,4,CMGC,MAPK,ERK7,MAPK15
ERK,-4.0024999999999995,3,KRSA,0.9655172413793104,4,CMGC,MAPK,ERK1,MAPK3
ERK,-4.0024999999999995,3,KRSA,0.9655172413793104,4,CMGC,MAPK,ERK3,MAPK4
ERK,-4.0024999999999995,3,KRSA,0.9655172413793104,4,CMGC,MAPK,ERK3,MAPK6
ERK,-4.0024999999999995,3,KRSA,0.9655172413793104,4,CMGC,MAPK,ERK5,MAPK7
PIM,3.28,10,KRSA,0.877742946708464,4,CAMK,PIM,PIM,PIM1
PIM,3.28,10,KRSA,0.877742946708464,4,CAMK,PIM,PIM,PIM2
PIM,3.28,10,KRSA,0.877742946708464,4,CAMK,PIM,PIM,PIM3
PKA,4.2075,2,KRSA,0.9780564263322884,4,AGC,PKA,PKA,PRKACA
PKA,4.2075,2,KRSA,0.9780564263322884,4,AGC,PKA,PKA,PRKACB
PKA,4.2075,2,KRSA,0.9780564263322884,4,AGC,PKA,PKA,PRKACG
PKA,4.2075,2,KRSA,0.9780564263322884,4,AGC,PKA,PKA,PRKX
PKA,4.2075,2,KRSA,0.9780564263322884,4,AGC,PKA,PKA,PRKY
DMPK,3.56,7,KRSA,0.9153605015673981,4,AGC,DMPK,GEK,CDC42BPA
DMPK,3.56,7,KRSA,0.9153605015673981,4,AGC,DMPK,GEK,CDC42BPB
DMPK,3.56,7,KRSA,0.9153605015673981,4,AGC,DMPK,GEK,CDC42BPG
DMPK,3.56,7,KRSA,0.9153605015673981,4,AGC,DMPK,CRIK,CIT
DMPK,3.56,7,KRSA,0.9153605015673981,4,AGC,DMPK,GEK,DMPK
DMPK,3.56,7,KRSA,0.9153605015673981,4,AGC,DMPK,ROCK,ROCK1
DMPK,3.56,7,KRSA,0.9153605015673981,4,AGC,DMPK,ROCK,ROCK2
RSK,3.51,8,KRSA,0.9028213166144201,4,AGC,RSK,RSK,RPS6KA1
RSK,3.51,8,KRSA,0.9028213166144201,4,AGC,RSK,RSK,RPS6KA2
RSK,3.51,8,KRSA,0.9028213166144201,4,AGC,RSK,RSK,RPS6KA3
RSK,3.51,8,KRSA,0.9028213166144201,4,AGC,RSK,MSK,RPS6KA4
RSK,3.51,8,KRSA,0.9028213166144201,4,AGC,RSK,MSK,RPS6KA5
RSK,3.51,8,KRSA,0.9028213166144201,4,AGC,RSK,RSK,RPS6KA6
RSK,3.51,8,KRSA,0.9028213166144201,4,AGC,RSK,P70,RPS6KB1
RSK,3.51,8,KRSA,0.9028213166144201,4,AGC,RSK,P70,RPS6KB2
P38,-3.6,6,KRSA,0.9278996865203761,4,CMGC,MAPK,P38,MAPK11
P38,-3.6,6,KRSA,0.9278996865203761,4,CMGC,MAPK,P38,MAPK12
P38,-3.6,6,KRSA,0.9278996865203761,4,CMGC,MAPK,P38,MAPK13
P38,-3.6,6,KRSA,0.9278996865203761,4,CMGC,MAPK,P38,MAPK14
JNK,-3.93,4,KRSA,0.9529780564263323,4,CMGC,MAPK,JNK,MAPK10
JNK,-3.93,4,KRSA,0.9529780564263323,4,CMGC,MAPK,JNK,MAPK8
JNK,-3.93,4,KRSA,0.9529780564263323,4,CMGC,MAPK,JNK,MAPK9
PDK1,-2.525,17,KRSA,0.7899686520376176,4,ATYPICAL,PDHK,PDHK,PDK1
PDK1,-2.525,17,KRSA,0.7899686520376176,4,AGC,PDK1,PDK1,PDPK1
PAKA,3.465,9,KRSA,0.890282131661442,4,STE,STE20,PAKA,PAK1
PAKA,3.465,9,KRSA,0.890282131661442,4,STE,STE20,PAKA,PAK2
PAKA,3.465,9,KRSA,0.890282131661442,4,STE,STE20,PAKA,PAK3
PKG,3.2325,11,KRSA,0.8652037617554859,4,AGC,PKG,PKG,PRKG1
PKG,3.2325,11,KRSA,0.8652037617554859,4,AGC,PKG,PKG,PRKG2
NMO,-3.6175,5,KRSA,0.9404388714733543,4,CMGC,MAPK,NMO,NLK
PKD,2.4025,19,KRSA,0.7648902821316614,4,CAMK,PKD,PKD,PRKD1
PKD,2.4025,19,KRSA,0.7648902821316614,4,CAMK,PKD,PKD,PRKD2
PKD,2.4025,19,KRSA,0.7648902821316614,4,CAMK,PKD,PKD,PRKD3
PKCA,2.39,20,KRSA,0.7523510971786834,4,AGC,PKC,ALPHA,PRKCA
PKCA,2.39,20,KRSA,0.7523510971786834,4,AGC,PKC,ALPHA,PRKCB
PKCA,2.39,20,KRSA,0.7523510971786834,4,AGC,PKC,ALPHA,PRKCG
AKT,2.7475,13,KRSA,0.8401253918495298,4,AGC,AKT,AKT,AKT1
AKT,2.7475,13,KRSA,0.8401253918495298,4,AGC,AKT,AKT,AKT2
AKT,2.7475,13,KRSA,0.8401253918495298,4,AGC,AKT,AKT,AKT3
CDK,-2.595,15,KRSA,0.8150470219435737,4,CMGC,CDK,CDC2,CDK1
CDK,-2.595,15,KRSA,0.8150470219435737,4,CMGC,CDK,CDK10,CDK10
CDK,-2.595,15,KRSA,0.8150470219435737,4,CMGC,CDK,CRK7,CDK12
CDK,-2.595,15,KRSA,0.8150470219435737,4,CMGC,CDK,CRK7,CDK13
CDK,-2.595,15,KRSA,0.8150470219435737,4,CMGC,CDK,PFTAIRE,CDK14
CDK,-2.595,15,KRSA,0.8150470219435737,4,CMGC,CDK,PFTAIRE,CDK15
CDK,-2.595,15,KRSA,0.8150470219435737,4,CMGC,CDK,PCTAIRE,CDK16
CDK,-2.595,15,KRSA,0.8150470219435737,4,CMGC,CDK,PCTAIRE,CDK17
CDK,-2.595,15,KRSA,0.8150470219435737,4,CMGC,CDK,PCTAIRE,CDK18
CDK,-2.595,15,KRSA,0.8150470219435737,4,CMGC,CDK,CDK8,CDK19
CDK,-2.595,15,KRSA,0.8150470219435737,4,CMGC,CDK,CDC2,CDK2
CDK,-2.595,15,KRSA,0.8150470219435737,4,CMGC,CDK,CCRK,CDK20
CDK,-2.595,15,KRSA,0.8150470219435737,4,CMGC,CDK,CDC2,CDK3
CDK,-2.595,15,KRSA,0.8150470219435737,4,CMGC,CDK,CDK4,CDK4
CDK,-2.595,15,KRSA,0.8150470219435737,4,CMGC,CDK,CDK5,CDK5
CDK,-2.595,15,KRSA,0.8150470219435737,4,CMGC,CDK,CDK4,CDK6
CDK,-2.595,15,KRSA,0.8150470219435737,4,CMGC,CDK,CDK7,CDK7
CDK,-2.595,15,KRSA,0.8150470219435737,4,CMGC,CDK,CDK8,CDK8
CDK,-2.595,15,KRSA,0.8150470219435737,4,CMGC,CDK,CDK9,CDK9
CDK,-2.595,15,KRSA,0.8150470219435737,4,NA,NA,NA,CDK11A
CDK,-2.595,15,KRSA,0.8150470219435737,4,NA,NA,NA,CDK11B
MTOR,-1.305,43,KRSA,0.46394984326018807,2,ATYPICAL,PIKK,FRAP,MTOR
LKB,-2.5075000000000003,18,KRSA,0.7774294670846394,4,CAMK,CAMKL,LKB,STK11
PLK,-2.825,12,KRSA,0.8526645768025078,4,NA,NA,NA,PLK5
PLK,-2.825,12,KRSA,0.8526645768025078,4,OTHER,PLK,PLK1,PLK1
PLK,-2.825,12,KRSA,0.8526645768025078,4,OTHER,PLK,PLK2,PLK2
PLK,-2.825,12,KRSA,0.8526645768025078,4,OTHER,PLK,PLK2,PLK3
PLK,-2.825,12,KRSA,0.8526645768025078,4,OTHER,PLK,SAK,PLK4
AMPK,1.93,25,KRSA,0.6896551724137931,3,CAMK,CAMKL,AMPK,PRKAA1
AMPK,1.93,25,KRSA,0.6896551724137931,3,CAMK,CAMKL,AMPK,PRKAA2
PKCD,1.8525,27,KRSA,0.664576802507837,3,AGC,PKC,DELTA,PRKCD
PKCD,1.8525,27,KRSA,0.664576802507837,3,AGC,PKC,DELTA,PRKCQ
STE7,-2.53,16,KRSA,0.8025078369905956,4,STE,STE7,MEK1,MAP2K1
STE7,-2.53,16,KRSA,0.8025078369905956,4,STE,STE7,MEK1,MAP2K2
STE7,-2.53,16,KRSA,0.8025078369905956,4,STE,STE7,MEK3,MAP2K3
STE7,-2.53,16,KRSA,0.8025078369905956,4,STE,STE7,MEK4,MAP2K4
STE7,-2.53,16,KRSA,0.8025078369905956,4,STE,STE7,MEK5,MAP2K5
STE7,-2.53,16,KRSA,0.8025078369905956,4,STE,STE7,MEK3,MAP2K6
STE7,-2.53,16,KRSA,0.8025078369905956,4,STE,STE7,MEK7,MAP2K7
STE11,-2.2275,21,KRSA,0.7398119122257053,3,TKL,MLK,TAK1,MAP3K7
STE11,-2.2275,21,KRSA,0.7398119122257053,3,STE,STE11,MEKK1,MAP3K1
STE11,-2.2275,21,KRSA,0.7398119122257053,3,STE,STE11,ASK,MAP3K15
STE11,-2.2275,21,KRSA,0.7398119122257053,3,STE,STE11,MEKK2,MAP3K2
STE11,-2.2275,21,KRSA,0.7398119122257053,3,STE,STE11,MEKK2,MAP3K3
STE11,-2.2275,21,KRSA,0.7398119122257053,3,STE,STE11,MEKK4,MAP3K4
STE11,-2.2275,21,KRSA,0.7398119122257053,3,STE,STE11,ASK,MAP3K5
STE11,-2.2275,21,KRSA,0.7398119122257053,3,STE,STE11,ASK,MAP3K6
RAD53,2.7075,14,KRSA,0.8275862068965517,4,CAMK,RAD53,RAD53,CHEK2
PRKDC,-2.025,24,KRSA,0.7021943573667712,3,ATYPICAL,PIKK,DNAPK,PRKDC
PHK,2.04,23,KRSA,0.7147335423197492,3,CAMK,PHK,PHK,PHKG1
PHK,2.04,23,KRSA,0.7147335423197492,3,CAMK,PHK,PHK,PHKG2
PDHK,1.8775,26,KRSA,0.677115987460815,3,ATYPICAL,PDHK,BCKDK,BCKDK
PDHK,1.8775,26,KRSA,0.677115987460815,3,ATYPICAL,PDHK,PDHK,PDK2
PDHK,1.8775,26,KRSA,0.677115987460815,3,ATYPICAL,PDHK,PDHK,PDK3
PDHK,1.8775,26,KRSA,0.677115987460815,3,ATYPICAL,PDHK,PDHK,PDK4
AUR,1.5174999999999998,38,KRSA,0.5266457680250783,3,OTHER,AUR,AUR,AURKA
AUR,1.5174999999999998,38,KRSA,0.5266457680250783,3,OTHER,AUR,AUR,AURKB
AUR,1.5174999999999998,38,KRSA,0.5266457680250783,3,OTHER,AUR,AUR,AURKC
PKCH,2.06,22,KRSA,0.7272727272727273,3,AGC,PKC,ETA,PRKCE
PKCH,2.06,22,KRSA,0.7272727272727273,3,AGC,PKC,ETA,PRKCH
RIPK,1.3525,42,KRSA,0.47648902821316613,2,TKL,RIPK,RIPK,ANKK1
RIPK,1.3525,42,KRSA,0.47648902821316613,2,TKL,RIPK,RIPK,RIPK1
RIPK,1.3525,42,KRSA,0.47648902821316613,2,TKL,RIPK,RIPK,RIPK2
RIPK,1.3525,42,KRSA,0.47648902821316613,2,TKL,RIPK,RIPK,RIPK3
RIPK,1.3525,42,KRSA,0.47648902821316613,2,TKL,RIPK,RIPK,RIPK4
MAPKAPK,1.735,35,KRSA,0.5642633228840125,3,CAMK,MAPKAPK,MAPKAPK,MAPKAPK2
MAPKAPK,1.735,35,KRSA,0.5642633228840125,3,CAMK,MAPKAPK,MAPKAPK,MAPKAPK3
MAPKAPK,1.735,35,KRSA,0.5642633228840125,3,CAMK,MAPKAPK,MAPKAPK,MAPKAPK5
MAPKAPK,1.735,35,KRSA,0.5642633228840125,3,CAMK,MAPKAPK,MNK,MKNK1
MAPKAPK,1.735,35,KRSA,0.5642633228840125,3,CAMK,MAPKAPK,MNK,MKNK2
TTK,-1.7675,33,KRSA,0.5893416927899686,3,OTHER,TTK,TTK,TTK
NAK,-1.795,30,KRSA,0.6269592476489029,3,OTHER,NAK,BIKE,AAK1
NAK,-1.795,30,KRSA,0.6269592476489029,3,OTHER,NAK,BIKE,BMP2K
NAK,-1.795,30,KRSA,0.6269592476489029,3,OTHER,NAK,GAK,GAK
NAK,-1.795,30,KRSA,0.6269592476489029,3,OTHER,NAK,MPSK,STK16
TLK,-1.78,32,KRSA,0.6018808777429467,3,OTHER,TLK,TLK,TLK1
TLK,-1.78,32,KRSA,0.6018808777429467,3,OTHER,TLK,TLK,TLK2
NUAK,-1.755,34,KRSA,0.5768025078369906,3,CAMK,CAMKL,NUAK,NUAK1
NUAK,-1.755,34,KRSA,0.5768025078369906,3,CAMK,CAMKL,NUAK,NUAK2
IRAK,-1.54,36,KRSA,0.5517241379310345,3,TKL,IRAK,IRAK,IRAK1
IRAK,-1.54,36,KRSA,0.5517241379310345,3,TKL,IRAK,IRAK,IRAK2
IRAK,-1.54,36,KRSA,0.5517241379310345,3,TKL,IRAK,IRAK,IRAK3
IRAK,-1.54,36,KRSA,0.5517241379310345,3,TKL,IRAK,IRAK,IRAK4
STKR,-1.8075,29,KRSA,0.6394984326018809,3,TKL,STKR,TYPE1,ACVR1
STKR,-1.8075,29,KRSA,0.6394984326018809,3,TKL,STKR,TYPE1,ACVR1B
STKR,-1.8075,29,KRSA,0.6394984326018809,3,TKL,STKR,TYPE1,ACVR1C
STKR,-1.8075,29,KRSA,0.6394984326018809,3,TKL,STKR,TYPE2,ACVR2A
STKR,-1.8075,29,KRSA,0.6394984326018809,3,TKL,STKR,TYPE2,ACVR2B
STKR,-1.8075,29,KRSA,0.6394984326018809,3,TKL,STKR,TYPE1,ACVRL1
STKR,-1.8075,29,KRSA,0.6394984326018809,3,TKL,STKR,TYPE2,AMHR2
STKR,-1.8075,29,KRSA,0.6394984326018809,3,TKL,STKR,TYPE1,BMPR1A
STKR,-1.8075,29,KRSA,0.6394984326018809,3,TKL,STKR,TYPE1,BMPR1B
STKR,-1.8075,29,KRSA,0.6394984326018809,3,TKL,STKR,TYPE2,BMPR2
STKR,-1.8075,29,KRSA,0.6394984326018809,3,TKL,STKR,TYPE1,TGFBR1
STKR,-1.8075,29,KRSA,0.6394984326018809,3,TKL,STKR,TYPE2,TGFBR2
SGK,1.79,31,KRSA,0.6144200626959248,3,AGC,SGK,SGK,SGK1
SGK,1.79,31,KRSA,0.6144200626959248,3,AGC,SGK,SGK,SGK2
SGK,1.79,31,KRSA,0.6144200626959248,3,AGC,SGK,SGK,SGK3
PKCI,1.84,28,KRSA,0.6520376175548589,3,AGC,PKC,IOTA,PRKCI
PKCI,1.84,28,KRSA,0.6520376175548589,3,AGC,PKC,IOTA,PRKCZ
HAL,1.14,50,KRSA,0.32601880877742945,2,RGC,RGC,RGC,NPR1
ATM,-1.475,39,KRSA,0.5141065830721003,3,ATYPICAL,PIKK,ATM,ATM
ATR,-1.1125,51,KRSA,0.31347962382445144,2,ATYPICAL,PIKK,ATR,ATR
MLCK,0.9,54,KRSA,0.27586206896551724,2,CAMK,MLCK,MLCK,MYLK
MLCK,0.9,54,KRSA,0.27586206896551724,2,CAMK,MLCK,MLCK,MYLK2
MLCK,0.9,54,KRSA,0.27586206896551724,2,CAMK,MLCK,MLCK,TTN
CAMKK,-1.25,45,KRSA,0.4263322884012539,2,OTHER,CAMKK,META,CAMKK1
CAMKK,-1.25,45,KRSA,0.4263322884012539,2,OTHER,CAMKK,META,CAMKK2
CLK,-1.25,45,KRSA,0.4263322884012539,2,CMGC,CLK,CLK,CLK1
CLK,-1.25,45,KRSA,0.4263322884012539,2,CMGC,CLK,CLK,CLK2
CLK,-1.25,45,KRSA,0.4263322884012539,2,CMGC,CLK,CLK,CLK3
CLK,-1.25,45,KRSA,0.4263322884012539,2,CMGC,CLK,CLK,CLK4
MST,-1.5325,37,KRSA,0.5391849529780565,3,STE,STE20,MST,STK3
MST,-1.5325,37,KRSA,0.5391849529780565,3,STE,STE20,MST,STK4
BRSK,0.32,69,KRSA,0.06269592476489028,1,CAMK,CAMKL,BRSK,BRSK1
BRSK,0.32,69,KRSA,0.06269592476489028,1,CAMK,CAMKL,BRSK,BRSK2
MOS,-1.2325,47,KRSA,0.3761755485893417,2,OTHER,MOS,MOS,MOS
NIK,-1.225,48,KRSA,0.3510971786833856,2,STE,STE-UNIQUE,STE-UNIQUE,MAP3K14
BUD32,-1.2675,44,KRSA,0.45141065830721006,2,OTHER,BUD32,BUD32,TP53RK
SLK,-1.2475,46,KRSA,0.41379310344827586,2,STE,STE20,SLK,SLK
SLK,-1.2475,46,KRSA,0.41379310344827586,2,STE,STE20,SLK,STK10
ULK,-1.2325,47,KRSA,0.3761755485893417,2,OTHER,ULK,FUSED,STK36
ULK,-1.2325,47,KRSA,0.3761755485893417,2,OTHER,ULK,ULK,ULK1
ULK,-1.2325,47,KRSA,0.3761755485893417,2,OTHER,ULK,ULK,ULK2
ULK,-1.2325,47,KRSA,0.3761755485893417,2,OTHER,ULK,ULK,ULK3
ULK,-1.2325,47,KRSA,0.3761755485893417,2,OTHER,ULK,ULK,ULK4
CK2,-1.3775,41,KRSA,0.4890282131661442,2,CMGC,CK2,CK2,CSNK2A1
CK2,-1.3775,41,KRSA,0.4890282131661442,2,CMGC,CK2,CK2,CSNK2A2
CK2,-1.3775,41,KRSA,0.4890282131661442,2,NA,NA,NA,CSNK2A3
PASK,0.8275,55,KRSA,0.2507836990595611,2,CAMK,CAMKL,PASK,PASK
WNK,0.8200000000000001,56,KRSA,0.23824451410658307,1,OTHER,WNK,WNK,WNK1
WNK,0.8200000000000001,56,KRSA,0.23824451410658307,1,OTHER,WNK,WNK,WNK2
WNK,0.8200000000000001,56,KRSA,0.23824451410658307,1,OTHER,WNK,WNK,WNK3
WNK,0.8200000000000001,56,KRSA,0.23824451410658307,1,OTHER,WNK,WNK,WNK4
TAO,0.8125,57,KRSA,0.21316614420062696,1,STE,STE20,TAO,TAOK1
TAO,0.8125,57,KRSA,0.21316614420062696,1,STE,STE20,TAO,TAOK2
TAO,0.8125,57,KRSA,0.21316614420062696,1,STE,STE20,TAO,TAOK3
KHS,0.8125,57,KRSA,0.21316614420062696,1,STE,STE20,KHS,MAP4K1
KHS,0.8125,57,KRSA,0.21316614420062696,1,STE,STE20,KHS,MAP4K2
KHS,0.8125,57,KRSA,0.21316614420062696,1,STE,STE20,KHS,MAP4K3
KHS,0.8125,57,KRSA,0.21316614420062696,1,STE,STE20,KHS,MAP4K5
GRK,-1.3825,40,KRSA,0.5015673981191222,3,AGC,GRK,GRK,GRK1
GRK,-1.3825,40,KRSA,0.5015673981191222,3,AGC,GRK,GRK,GRK4
GRK,-1.3825,40,KRSA,0.5015673981191222,3,AGC,GRK,GRK,GRK5
GRK,-1.3825,40,KRSA,0.5015673981191222,3,AGC,GRK,GRK,GRK6
GRK,-1.3825,40,KRSA,0.5015673981191222,3,AGC,GRK,GRK,GRK7
RAF,-0.6725,61,KRSA,0.16300940438871472,1,TKL,RAF,RAF,ARAF
RAF,-0.6725,61,KRSA,0.16300940438871472,1,TKL,RAF,RAF,BRAF
RAF,-0.6725,61,KRSA,0.16300940438871472,1,TKL,RAF,KSR,KSR1
RAF,-0.6725,61,KRSA,0.16300940438871472,1,TKL,RAF,KSR,KSR2
RAF,-0.6725,61,KRSA,0.16300940438871472,1,TKL,RAF,RAF,RAF1
CAMK1,1.2325,47,KRSA,0.3761755485893417,2,CAMK,CAMK1,CAMK1,CAMK1
CAMK1,1.2325,47,KRSA,0.3761755485893417,2,CAMK,CAMK1,CAMK1,CAMK1D
CAMK1,1.2325,47,KRSA,0.3761755485893417,2,CAMK,CAMK1,CAMK1,CAMK1G
CAMK1,1.2325,47,KRSA,0.3761755485893417,2,CAMK,CAMK1,CAMK1,CAMK4
CAMK1,1.2325,47,KRSA,0.3761755485893417,2,CAMK,CAMK1,CAMK1,PNCK
MELK,1.2225,49,KRSA,0.3385579937304075,2,CAMK,CAMKL,MELK,MELK
BARK2,-0.3925,64,KRSA,0.12539184952978055,1,AGC,GRK,BARK,GRK3
MLK,0.3275,68,KRSA,0.07523510971786834,1,TKL,MLK,ILK,ILK
MLK,0.3275,68,KRSA,0.07523510971786834,1,TKL,MLK,MLK,MAP3K10
MLK,0.3275,68,KRSA,0.07523510971786834,1,TKL,MLK,MLK,MAP3K11
MLK,0.3275,68,KRSA,0.07523510971786834,1,TKL,MLK,LZK,MAP3K12
MLK,0.3275,68,KRSA,0.07523510971786834,1,TKL,MLK,LZK,MAP3K13
MLK,0.3275,68,KRSA,0.07523510971786834,1,TKL,MLK,MLK,MAP3K9
MLK,0.3275,68,KRSA,0.07523510971786834,1,TKL,MLK,HH498,TNNI3K
COT,-0.2725,71,KRSA,0.03761755485893417,1,STE,STE-UNIQUE,STE-UNIQUE,MAP3K8
VRK1,-0.96,52,KRSA,0.30094043887147337,2,CK1,VRK,VRK,VRK1
GSK,-0.94,53,KRSA,0.2884012539184953,2,CMGC,GSK,GSK,GSK3A
GSK,-0.94,53,KRSA,0.2884012539184953,2,CMGC,GSK,GSK,GSK3B
CHK1,-0.355,66,KRSA,0.10031347962382445,1,CAMK,CAMKL,CHK1,CHEK1
PEK,-0.6025,63,KRSA,0.13793103448275862,1,OTHER,PEK,HRI,EIF2AK1
PEK,-0.6025,63,KRSA,0.13793103448275862,1,OTHER,PEK,PKR,EIF2AK2
PEK,-0.6025,63,KRSA,0.13793103448275862,1,OTHER,PEK,PEK,EIF2AK3
PEK,-0.6025,63,KRSA,0.13793103448275862,1,OTHER,PEK,GCN2,EIF2AK4
DAPK,0.8,58,KRSA,0.2006269592476489,1,CAMK,DAPK,DAPK,DAPK1
DAPK,0.8,58,KRSA,0.2006269592476489,1,CAMK,DAPK,DAPK,DAPK2
DAPK,0.8,58,KRSA,0.2006269592476489,1,CAMK,DAPK,DAPK,DAPK3
DAPK,0.8,58,KRSA,0.2006269592476489,1,CAMK,DAPK,DRAK,STK17A
DAPK,0.8,58,KRSA,0.2006269592476489,1,CAMK,DAPK,DRAK,STK17B
CK1,-1.225,48,KRSA,0.3510971786833856,2,CK1,CK1,CK1-A,CSNK1A1
CK1,-1.225,48,KRSA,0.3510971786833856,2,CK1,CK1,CK1-A,CSNK1A1L
CK1,-1.225,48,KRSA,0.3510971786833856,2,CK1,CK1,CK1-D,CSNK1D
CK1,-1.225,48,KRSA,0.3510971786833856,2,CK1,CK1,CK1-D,CSNK1E
CK1,-1.225,48,KRSA,0.3510971786833856,2,CK1,CK1,CK1-G,CSNK1G1
CK1,-1.225,48,KRSA,0.3510971786833856,2,CK1,CK1,CK1-G,CSNK1G2
CK1,-1.225,48,KRSA,0.3510971786833856,2,CK1,CK1,CK1-G,CSNK1G3
CK1,-1.225,48,KRSA,0.3510971786833856,2,CK1,TTBK,TTBK,TTBK1
CK1,-1.225,48,KRSA,0.3510971786833856,2,CK1,TTBK,TTBK,TTBK2
CK1,-1.225,48,KRSA,0.3510971786833856,2,CK1,VRK,VRK,VRK3
NDR,0.6575,62,KRSA,0.15047021943573669,1,AGC,NDR,NDR,LATS1
NDR,0.6575,62,KRSA,0.15047021943573669,1,AGC,NDR,NDR,LATS2
NDR,0.6575,62,KRSA,0.15047021943573669,1,AGC,NDR,NDR,STK38
NDR,0.6575,62,KRSA,0.15047021943573669,1,AGC,NDR,NDR,STK38L
QIK,0.03500000000000001,74,KRSA,0,1,CAMK,CAMKL,QIK,SIK1
QIK,0.03500000000000001,74,KRSA,0,1,CAMK,CAMKL,QIK,SIK2
IKK,-0.3775,65,KRSA,0.11285266457680251,1,OTHER,IKK,IKK,CHUK
IKK,-0.3775,65,KRSA,0.11285266457680251,1,OTHER,IKK,IKK,IKBKB
IKK,-0.3775,65,KRSA,0.11285266457680251,1,OTHER,IKK,IKK,IKBKE
IKK,-0.3775,65,KRSA,0.11285266457680251,1,OTHER,IKK,IKK,TBK1
MSN,0.34,67,KRSA,0.0877742946708464,1,STE,STE20,MSN,MAP4K4
MSN,0.34,67,KRSA,0.0877742946708464,1,STE,STE20,MSN,NRK
MSN,0.34,67,KRSA,0.0877742946708464,1,STE,STE20,MSN,TNIK
PAKB,0.765,59,KRSA,0.18808777429467086,1,STE,STE20,PAKB,PAK4
PAKB,0.765,59,KRSA,0.18808777429467086,1,STE,STE20,PAKB,PAK5
PAKB,0.765,59,KRSA,0.18808777429467086,1,STE,STE20,PAKB,PAK6
NEK,-0.195,72,KRSA,0.025078369905956112,1,OTHER,NEK,NEK11,NEK11
NEK,-0.195,72,KRSA,0.025078369905956112,1,OTHER,NEK,NEK2,NEK2
NEK,-0.195,72,KRSA,0.025078369905956112,1,OTHER,NEK,NEK1,NEK3
NEK,-0.195,72,KRSA,0.025078369905956112,1,OTHER,NEK,NEK4,NEK4
NEK,-0.195,72,KRSA,0.025078369905956112,1,OTHER,NEK,NEK1,NEK5
NEK,-0.195,72,KRSA,0.025078369905956112,1,OTHER,NEK,NEK6,NEK6
NEK,-0.195,72,KRSA,0.025078369905956112,1,OTHER,NEK,NEK6,NEK7
NEK,-0.195,72,KRSA,0.025078369905956112,1,OTHER,NEK,NEK8,NEK8
NEK,-0.195,72,KRSA,0.025078369905956112,1,OTHER,NEK,NEK8,NEK9
FRAY,0.1875,73,KRSA,0.012539184952978056,1,STE,STE20,FRAY,OXSR1
FRAY,0.1875,73,KRSA,0.012539184952978056,1,STE,STE20,FRAY,STK39
CAMK2,-0.2775,70,KRSA,0.050156739811912224,1,CAMK,CAMK2,CAMK2,CAMK2A
CAMK2,-0.2775,70,KRSA,0.050156739811912224,1,CAMK,CAMK2,CAMK2,CAMK2B
CAMK2,-0.2775,70,KRSA,0.050156739811912224,1,CAMK,CAMK2,CAMK2,CAMK2D
CAMK2,-0.2775,70,KRSA,0.050156739811912224,1,CAMK,CAMK2,CAMK2,CAMK2G
PKN,0.8275,55,KRSA,0.2507836990595611,2,AGC,PKN,PKN,PKN1
PKN,0.8275,55,KRSA,0.2507836990595611,2,AGC,PKN,PKN,PKN2
PKN,0.8275,55,KRSA,0.2507836990595611,2,AGC,PKN,PKN,PKN3
